ID,開催回,区分,問題番号,分野,問題文,選択肢1,選択肢2,選択肢3,選択肢4,正解
1,第29回,午前,問題 1,医療概論・法規・衛生,我が国の国民医療費の現状について正しいのはどれか。,対国民所得比は15 ％を超える。,国民医療費は50 兆円を超える。,財源は患者負担が30 ％を超える。,国民一人あたりの医療費は年間30 万円を超える。,4
2,第29回,午前,問題 2,医療概論・法規・衛生,患者が治療に対して積極的に関わり、その決定を遵守するのはどれか。,アドヒアランス,コンプライアンス,患者の自己決定権,インフォームド・コンセント,1
3,第29回,午前,問題 3,医療概論・法規・衛生,地域医療計画の策定における第三次医療圏の圏域に相当するのはどれか。,市町村単位,広域市町村単位,都道府県単位,広域都道府県単位,3
4,第29回,午前,問題 4,医療概論・法規・衛生,介護保険制度について正しいのはどれか。,介護保険料は全国一律である。,被保険者は75 歳以上の者である。,要介護認定の申請は市区町村に対して行う。,地域包括支援センターは都道府県が設置する。,3
5,第29回,午前,問題 5,医療概論・法規・衛生,2019 年の食中毒統計において食中毒の発生件数が最も多いのはどれか。,家 庭,学 校,病 院,飲食店,4
6,第29回,午前,問題 6,医療概論・法規・衛生,皮膚の消毒に用いないのはどれか。,アルコール類,塩素系消毒剤,ビグアナイド系消毒剤,ヨウ素系消毒剤,2
7,第29回,午前,問題 7,医療概論・法規・衛生,総務省が実施する調査はどれか。,国勢調査,人口動態調査,国民生活基礎調査,国民健康・栄養調査,1
8,第29回,午前,問題 8,医療概論・法規・衛生,生体に照射してもイオン化しない放射線はどれか。,陽子線,中性子線,赤外線,エックス線,3
9,第29回,午前,問題 9,医療概論・法規・衛生,地域の衛生状態や生活水準の影響を最も反映しやすい母子保健統計の指標 はどれか。,乳児死亡率,死産率,妊産婦死亡率,周産期死亡率,1
10,第29回,午前,問題 10,医療概論・法規・衛生,空気感染対策が有効なのはどれか。,赤 痢,コレラ,結 核,ポリオ,3
11,第29回,午前,問題 11,医療概論・法規・衛生,あはき法で、はり師名簿、きゅう師名簿の登録事項でないのはどれか。,生年月日,学校または養成施設の卒業年月日,試験合格の年月日,登録の消除をした年月日,4
12,第29回,午前,問題 12,医療概論・法規・衛生,あはき法で、施術所の構造設備について正しいのはどれか。,待合室は6.6 平方メートル以上でなければならない。,施術室は専用でなければならない。,施術室は、室面積の5 分の1 以上に相当する部分を外気に開放しうるもので なければならない。,施術に用いる器具、手指等の消毒室を設けなければならない。,2
13,第29回,午前,問題 13,医療概論・法規・衛生,あはき法で、30 万円以下の罰金に処せられるのはどれか。,きゅう師が􄼮頭鍼を行った。,虚偽の事実に基づいてきゅう師免許を取得した。,はり師が医師の同意を得ずに骨折の患部に鍼施術した。,はり師が必要な消毒をせずに鍼施術した。,4
14,第29回,午前,問題 14,解剖学,保健所の設置根拠となる法律はどれか。,医療法,感染症法,健康増進法,地域保健法,4
15,第29回,午前,問題 15,解剖学,上肢の骨格について正しいのはどれか。,肩甲骨上角は外側縁と上縁の間にある。,上腕骨小頭は上腕骨滑車の外側にある。,尺骨頭は尺骨の近位にある。,舟状骨は手根骨の遠位列にある。,2
16,第29回,午前,問題 16,解剖学,大腿の筋で大腿神経に支配されるのはどれか。,大腿二頭筋,薄 筋,半􄼳様筋,縫工筋,4
17,第29回,午前,問題 17,解剖学,頭頸部の筋について正しいのはどれか。,上眼瞼挙筋は顔面神経支配である。,外側翼突筋は下顎骨を挙上する。,前斜角筋は第2 肋骨に停止する。,胸鎖乳突筋は大鎖骨上窩の前縁を形成する。,4
18,第29回,午前,問題 18,解剖学,心臓について正しいのはどれか。,大動脈口は肺動脈口の前方にある。,􄼳索は半月弁に付着する。,洞房結節は右心房壁にある。,後室間枝は左冠状動脈の枝である。,3
19,第29回,午前,問題 19,解剖学,肺門を通るのはどれか。,横隔神経,気 管,気管支動脈,胸 管,3
20,第29回,午前,問題 20,解剖学,小腸について正しいのはどれか。,上皮は内胚葉から分化する。,半月ヒダがある。,十二指腸空腸曲は腰椎の右にある。,回腸には腸間膜がない。,1
21,第29回,午前,問題 21,解剖学,腎臓について正しいのはどれか。,腎小体は髄質に散在する。,腎柱の先端を腎乳頭という。,集合管はネフロンを構成する。,足細胞は糸球体表面を取り囲んでいる。,4
22,第29回,午前,問題 22,解剖学,脳の部位と存在するものとの組合せで正しいのはどれか。,大脳頭頂葉 ― 運動野,間 脳 ― 被 蓋,中 脳 ― 内側膝状体,小 脳 ― 虫 部,4
23,第29回,午前,問題 23,解剖学,脳神経で瞳孔を縮小させるのはどれか。,視神経,動眼神経,滑車神経,外転神経,2
24,第29回,午前,問題 24,解剖学,不要な物質を分解処理する細胞小器官はどれか。,粗面小胞体,ミトコンドリア,リソソーム,ゴルジ装置,3
25,第29回,午前,問題 25,解剖学,胃液分泌を促進するのはどれか。,食物による口腔粘膜の刺激,セクレチン分泌の増加,交感神経活動の増加,酸による十二指腸粘膜の刺激,1
26,第29回,午前,問題 26,生理学,ビタミンについて正しいのはどれか。,ビタミンA はエネルギー源となる。,ビタミンB12 の摂取不足で脚気となる。,ビタミンC はコラーゲン生成に関与する。,ビタミンK は骨の構成成分となる。,3
27,第29回,午前,問題 27,生理学,ステロイドホルモンはどれか。,サイロキシン,アドレナリン,コルチゾール,ゴナドトロピン,3
28,第29回,午前,問題 28,生理学,性周期について正しいのはどれか。,排卵に先立って黄体ホルモンの分泌が急激に増加する。,卵胞ホルモンの作用により子宮内膜が増殖する。,子宮内膜の増殖期が終了すると月経期となる。,子宮内膜の分泌期には卵胞が成熟する。,2
29,第29回,午前,問題 29,生理学,b 受容体の刺激で起こるのはどれか。,気管支平滑筋の収縮,心拍数の増加,胃平滑筋の収縮,外肛門括約筋の弛緩,2
30,第29回,午前,問題 30,生理学,骨格筋の収縮について誤っているのはどれか。,収縮に先立って活動電位が生じる。,アクチンフィラメントが短縮する。,カルシウムイオンが必要である。,ATP が消費される。,2
31,第29回,午前,問題 31,生理学,聴覚について正しいのはどれか。,高い周波数の声ほど低く聞こえる。,耳小骨は音を鼓膜へ伝える。,コルチ器官で受容される。,聴覚情報は外側膝状体を経由する。,3
32,第29回,午前,問題 32,生理学,抗体について正しいのはどれか。,IgA は粘膜表面に分泌される。,IgE はT 細胞が産生する。,IgG は再感染で産生量が低下する。,IgM はアルブミンからなる。,1
33,第29回,午前,問題 33,生理学,疾病特有の症状を現し、次第に増悪する時期はどれか。,潜伏期,前駆期,侵襲期,極 期,4
34,第29回,午前,問題 34,生理学,常染色体劣性遺伝病で、両親ともに健常な保因者の場合、患児が出 生する確率はどれか。,2 分の 1,4 分の 1,8 分の 1,16 分の 1,2
35,第29回,午前,問題 35,生理学,出血性􄼷塞を最も起こしやすい臓器はどれか。,腎 臓,小 腸,心 臓,脾 臓,2
36,第29回,午前,問題 36,生理学,塞栓の原因で最も頻度の高いのはどれか。,血 栓,骨 髄,脂 肪,腫 瘍,1
37,第29回,午前,問題 37,生理学,日和見感染症はどれか。,強毒菌感染症,常在菌感染症,新興感染症,伝染性感染症,2
38,第29回,午前,問題 38,病理学概論,男性に比べて女性に高頻度に発生するのはどれか。,膵 癌,食道癌,大腸癌,甲状腺癌,4
39,第29回,午前,問題 39,病理学概論,易感染性をきたさないのはどれか。,高 齢,糖尿病,肺結核症,重度の熱傷,3
40,第29回,午前,問題 40,病理学概論,次の文で示す意識障害はどれか。「大声で呼びかけると目が覚めるが、またすぐに眠ってしまう。」,昏 睡,半昏睡,昏 迷,傾 眠,4
41,第29回,午前,問題 41,病理学概論,上肢の病的反射はどれか。,バビンスキー反射,チャドック反射,トレムナー反射,ゴードン反射,3
42,第29回,午前,問題 42,病理学概論,呼吸機能検査で閉塞性換気障害を示すのはどれか。,気管支喘息,胸水貯留,間質性肺炎,肺動脈血栓塞栓症,1
43,第29回,午前,問題 43,病理学概論,疾患と腫瘍マーカーの組合せで最も適切なのはどれか。,肝臓癌 ― CA 125,胃 癌 ― AFP,前立腺癌 ― PSA,卵巣癌 ― SCC 抗原,3
44,第29回,午前,問題 44,病理学概論,季節性インフルエンザウイルス感染症の特徴で正しいのはどれか。,膿性痰を認める。,潜伏期 は1 週間前後である。,感染経路は飛沫感染である。,ワクチンで感染を防ぐことができる。,3
45,第29回,午前,問題 45,病理学概論,中殿筋機能不全を確認する徒手検査法はどれか。,トレンデレンブルグテスト,パトリックテスト,ブラガードテスト,マクマレーテスト,1
46,第29回,午前,問題 46,臨床医学総論,血圧について正しいのはどれか。,心臓の拡張期に最高となる。,脈圧は収縮期血圧と拡張期血圧の差である。,触診法で拡張期血圧が測定できる。,圧迫帯は肘関節に巻く。,2
47,第29回,午前,問題 47,臨床医学総論,反復する回転性めまいをきたしやすい疾患はどれか。,貧 血,髄膜炎,メニエール病,脳幹􄼷塞,3
48,第29回,午前,問題 48,臨床医学総論,黄疸をきたす疾患はどれか。,糖尿病,慢性心不全,脂質異常症,溶血性貧血,4
49,第29回,午前,問題 49,臨床医学総論,生後3 か月の女児が乳児健康診査で股関節開排制限を指摘された。診察で 誤っているのはどれか。,大腿部の皮膚のしわを観察する。,開排位での大転子と坐骨結節間の距離を診る。,ラックマン徴候を診る。,超音波断層像を診る。,3
50,第29回,午前,問題 50,臨床医学総論,特発性側弯症について正しいのはどれか。,男性に多い。,前屈姿勢で左右の鎖骨の張り出しの差を診る。,コブ角は脊椎側面エックス線写真で測定する。,早期発見には学校健康診断が重要である。,4
51,第29回,午前,問題 51,臨床医学総論,受傷直後の足関節捻挫に対するRICE 処置について最も適切なのはどれか。,ギプス包帯を行う。,湿布を患部に貼付する。,損傷靱帯部を圧迫する。,患肢は頭より高く上げる。,3
52,第29回,午前,問題 52,臨床医学総論,デュシェンヌ型筋ジストロフィーについて正しいのはどれか。,女性に多い。,腓腹筋の仮性肥大がみられる。,血清CK 値は正常である。,関節拘縮のため踵足になる。,2
53,第29回,午前,問題 53,臨床医学総論,筋萎縮性側索硬化症に特徴的なのはどれか。,膀胱直腸障害,褥 瘡,嚥下障害,眼球運動障害,3
54,第29回,午前,問題 54,臨床医学総論,症状の階段状悪化がよくみられるのはどれか。,前頭側頭型認知症,レビー小体型認知症,血管性認知症,アルツハイマー型認知症,3
55,第29回,午前,問題 55,臨床医学総論,小球性低色素性貧血をきたすのはどれか。,溶血性貧血,鉄欠乏性貧血,再生不良性貧血,巨赤芽球性貧血,2
56,第29回,午前,問題 56,臨床医学総論,急性膀胱炎について正しいのはどれか。,男性に多い。,排尿後の痛みが多い。,原因菌は黄色ブドウ球菌が多い。,水分はあまり摂らない方がよい。,2
57,第29回,午前,問題 57,臨床医学総論,腎疾患と所見の組合せで正しいのはどれか。,急性糸球体腎炎 ― 低血圧,慢性腎不全 ― 高リン血症,急性腎不全 ― 代謝性アルカローシス,ネフローゼ症候群 ― 低コレステロール血症,2
58,第29回,午前,問題 58,臨床医学総論,不眠がみられにくいのはどれか。,褐色細胞腫,アジソン病,クッシング症候群,バセドウ病,2
59,第29回,午前,問題 59,臨床医学総論,失明の原因となるのはどれか。,痛 風,骨形成不全症,糖尿病,脂質異常症,3
60,第29回,午前,問題 60,臨床医学総論,女性に多く発症するのはどれか。,橋本病,尿崩症,先端巨大症,原発性アルドステロン症,1
61,第29回,午前,問題 61,臨床医学各論,呼吸器疾患について正しいのはどれか。,自然気胸は胸痛を伴う。,肺線維症は閉塞性換気障害をきたす。,気管支喘息による死亡者数は増加している。,COPD は安静時の呼吸困難が特徴的である。,1
62,第29回,午前,問題 62,臨床医学各論,中心部の視野欠損や物がゆがんで見える症状が早期から出現する疾患はどれか。,白内障,緑内障,ぶどう膜炎,加齢黄斑変性症,4
63,第29回,午前,問題 63,臨床医学各論,伝音性難聴をきたすのはどれか。,急性中耳炎,聴神経腫瘍,突発性難聴,メニエール病,1
64,第29回,午前,問題 64,臨床医学各論,病気でもないのに病気と考えたり、些細な身体の不調を重大な疾患と考え、執拗に訴えるのはどれか。,強迫神経症,心気症,不安神経症,抑うつ神経症,2
65,第29回,午前,問題 65,臨床医学各論,院内感染と関連が深いのはどれか。,破傷風菌,MRSA,肺炎球菌,ボツリヌス菌,2
66,第29回,午前,問題 66,臨床医学各論,細菌感染症はどれか。,帯状疱疹,流行性角結膜炎,百日咳,手足口病,3
67,第29回,午前,問題 67,臨床医学各論,感染症について正しいのはどれか。,風疹は「三日ばしか」と言われる。,日本脳炎はネズミの媒介によって感染する。,水痘は精巣炎を合併しやすい。,流行性耳下腺炎は空気感染する。,1
68,第29回,午前,問題 68,臨床医学各論,ウイルス性肝炎で生の貝類の摂取により最も感染しやすいのはどれか。,Ａ型,Ｂ型,Ｃ型,Ｅ型,1
69,第29回,午前,問題 69,臨床医学各論,非代償性肝硬変でみられる血液検査所見はどれか。,総ビリルビン値低下,血小板減少,プロトロンビン時間短縮,アルブミン値上昇,2
70,第29回,午前,問題 70,臨床医学各論,膵癌のリスクファクターでないのはどれか。,糖尿病,慢性膵炎,喫 煙,高血圧,4
71,第29回,午前,問題 71,臨床医学各論,介護保険制度による在宅ケアはどれか。,共同生活援助,就労移行支援,地域定着支援,通所リハビリテーション,4
72,第29回,午前,問題 72,臨床医学各論,回復期リハビリテーションの内容として最も適切なのはどれか。,就労支援,歩行能力の向上,人工呼吸器の離脱,意識障害の覚醒促進,2
73,第29回,午前,問題 73,臨床医学各論,原発性サルコペニアの発症要因はどれか。,廃用性萎縮,加 齢,低栄養,悪性腫瘍,2
74,第29回,午前,問題 74,臨床医学各論,失語症の分類で、自分の考えていることを言語でうまく表現できず、発話が非流暢的で、復唱も障害されるのはどれか。,全失語,運動性失語,感覚性失語,伝導失語,2
75,第29回,午前,問題 75,臨床医学各論,正常歩行時に若年者より高齢者で増加するのはどれか。,歩 幅,速 度,前傾姿勢,骨盤回旋,3
76,第29回,午前,問題 76,臨床医学各論,脳血管障害における摂食嚥下障害について正しいのはどれか。,意識障害があっても経口摂取は継続する。,時間経過で回復することはない。,口腔ケアは誤嚥性肺炎予防に有効である。,むせなければ誤嚥は否定できる。,3
77,第29回,午前,問題 77,臨床医学各論,C6 完全麻痺の脊髄損傷患者が目標とするADL として正しいのはどれか。,人工呼吸器からの離脱,環境制御装置の利用,移乗動作の自立,坂道での車椅子駆動の自立,3
78,第29回,午前,問題 78,臨床医学各論,脳性麻痺について正しいのはどれか。,自閉症を合併することが多い。,原因に進行性の疾患が含まれる。,生下時より骨変形をきたしている。,麻痺が進行することはない。,4
79,第29回,午前,問題 79,臨床医学各論,COPD の呼吸筋トレーニングはどれか。,水の入ったビンを吹く。,リラクゼーションを行う。,スクイージングを行う。,エルゴメータで訓練を行う。,1
80,第29回,午前,問題 80,臨床医学各論,骨折に注意してリハビリテーションを行う必要のある疾患はどれか。,腰椎椎間板ヘルニア,腰部脊柱管狭窄症,転移性脊椎腫瘍,筋筋膜性腰痛,3
81,第29回,午前,問題 81,臨床医学各論,関節リウマチに特徴的なのはどれか。,環軸関節亜脱臼,下垂手,反張膝,内反尖足,1
82,第29回,午前,問題 82,臨床医学各論,パーキンソン病患者の理学療法でメトロノームを用いて改善が期待されるのはどれか。,小刻み歩行,構音障害,書字障害,振 戦,1
83,第29回,午前,問題 83,リハビリテーション医学,70 歳の男性。約20 年前に2 型糖尿病と診断され薬物治療を受けている。最近急に複視が出現した。正中視で右眼は外転位をとっている。対光反射は異常なく眼瞼下垂もない。障害されている脳神経はどれか。,視神経,動眼神経,滑車神経,外転神経,2
84,第29回,午前,問題 84,リハビリテーション医学,70 歳の男性。約20 年前に2 型糖尿病と診断され薬物治療を受けている。最近急に複視が出現した。正中視で右眼は外転位をとっている。対光反射は異常なく眼瞼下垂もない。神経症状発現の病態生理として正しいのはどれか。,浮 腫,虚 血,炎 症,圧 迫,2
85,第29回,午前,問題 85,リハビリテーション医学,75 歳の男性。脚立から落下し、手足が動かなくなった。非骨傷性脊髄損傷と診断され入院した。肘関節の屈曲は可能、手関節の伸展と屈曲および肘関節の伸展は不能であった。本患者の脊髄節残存高位はどれか。,C5,C6,C7,C8,1
86,第29回,午前,問題 86,リハビリテーション医学,75 歳の男性。脚立から落下し、手足が動かなくなった。非骨傷性脊髄損傷と診断され入院した。肘関節の屈曲は可能、手関節の伸展と屈曲および肘関節の伸展は不能であった。退院時には屋内歩行が可能となったが、箸がうまく使えなかった。退院の準備として正しいのはどれか。,長下肢装具の作製,意思伝達装置の導入,歩行ロボットの導入,食事に対する自助具の作製,4
87,第29回,午前,問題 87,リハビリテーション医学,14 歳の男子。サッカー部入部してから3 か月が経過した。最近腰部を反らすと腰に痛みが出るようになり来院した。予想される診察所見はどれか。,体前屈で腰痛が増強する。,体幹回旋で腰痛が増強する。,SLR テストは陽性となる。,FNS テストは陽性となる。,2
88,第29回,午前,問題 88,リハビリテーション医学,14 歳の男子。サッカー部入部してから3 か月が経過した。最近腰部を反らすと腰に痛みが出るようになり来院した。本症例に特徴的な単純エックス線所見はどれか。,椎間板腔の狭小化,腰椎前弯の消失,テリアの首輪,椎体の変形,3
89,第29回,午前,問題 89,リハビリテーション医学,45 歳の女性。2 か月前から易疲労感、動悸、息切れ、体重減少が出現した。血液検査では、血中ヘモグロビンと平均赤血球容積は低値であった。症状発現の基礎疾患となるのはどれか。,心臓弁膜症,子宮筋腫,甲状腺機能亢進症,気管支喘息,2
90,第29回,午前,問題 90,リハビリテーション医学,45 歳の女性。2 か月前から易疲労感、動悸、息切れ、体重減少が出現した。血液検査では、血中ヘモグロビンと平均赤血球容積は低値であった。薬物治療にて症状は改善した。今後食事で特に摂取すべきものはどれか。,赤身の肉類,豆 腐,緑黄色野菜,海 藻,1
91,第29回,午後,問題 91,東洋医学概論,陰陽の属性が同じ組合せはどれか。,温 ― 西,遅 ― 凸,魄 ― 腹,左 ― 偶数,3
92,第29回,午後,問題 92,東洋医学概論,陽中の陰の臓が剋する臓の生理作用はどれか。,疏泄を主る。,血を主る。,運化を主る。,水を主る。,1
93,第29回,午後,問題 93,東洋医学概論,陰虚にみられる舌苔はどれか｡,厚苔,潤苔,膩苔,少苔,4
94,第29回,午後,問題 94,東洋医学概論,胸中に集まる気について正しいのはどれか。,発育を促す。,発声に関わる。,発汗を調整する。,栄養分をもつ。,2
95,第29回,午後,問題 95,東洋医学概論,津液の停滞による症状はどれか。,盗汗,口渇,しびれ,下痢,4
96,第29回,午後,問題 96,東洋医学概論,決断を主る臓腑と表裏関係にある臓腑の生理作用はどれか。,気を主る。,血流量を調節する。,全身の陽気を主る。,水分代謝を調節する。,2
97,第29回,午後,問題 97,東洋医学概論,五臓とそれが蔵すものの組合せで正しいのはどれか。,肝 ― 精,心 ― 血,脾 ― 営,腎 ― 魂,2
98,第29回,午後,問題 98,東洋医学概論,三陰三陽病と症状の組合せで正しいのはどれか。,少陰病 ― 臥床を好む,太陰病 ― 便秘,少陽病 ― 項のこわばり,陽明病 ― めまい,1
99,第29回,午後,問題 99,東洋医学概論,次の文で示す症状を引き起こす六淫の性質に含まれるのはどれか。「梅雨の時期から体が重く下肢がむくみ、下痢をするようになった。」,遊走性,昇散性,粘滞性,収引性,3
100,第29回,午後,問題 100,東洋医学概論,「梅雨の時期から体が重く下肢がむくみ、下痢をするようになった。」五労で正しいのはどれか。,久しく臥すは脾を傷る。,久しく視るは心を傷る。,久しく行くは腎を傷る。,久しく坐すは肺を傷る。,2
101,第29回,午後,問題 101,東洋医学概論,病証において虚実挟雑証でないのはどれか。,風熱犯肺,心腎不交,脾虚湿盛,肝陽上亢,1
102,第29回,午後,問題 102,経絡経穴概論,次の文で示す経脈の病証はどれか。「48 歳の女性。発汗、目尻から頬の痛みがあり、耳鳴りが続き耳が聞こえにくい。」,足の陽明経,手の太陽経,足の少陰経,手の少陽経,4
103,第29回,午後,問題 103,経絡経穴概論,42 歳の女性。主訴は月経周期の乱れ。子どもの面倒をみながらの在宅勤務でイライラすることが多い。この病証で最もみられる症状はどれか。,太息,呵欠,短気,噴嚔,1
104,第29回,午後,問題 104,経絡経穴概論,経脈病証で咽喉の症状がみられないのはどれか。,手の陽明経脈,手の太陽経脈,足の陽明経脈,足の太陽経脈,4
105,第29回,午後,問題 105,経絡経穴概論,六部定位脈診で右手関上の沈の部が虚している場合、難経六十九難に基づく治療穴はどれか。,中渚,商丘,労宮,曲泉,3
106,第29回,午後,問題 106,経絡経穴概論,腰殿部外側と大腿外側の脹痛に対して、侠渓を取穴した治療の法則はどれか。,局所取穴,循経取穴,分刺による取穴,難経六十九難の取穴,2
107,第29回,午後,問題 107,経絡経穴概論,外眼角で接続する経脈の井穴の組合せで正しいのはどれか。,少商 ― 商陽,少沢 ― 至陰,湧泉 ― 中衝,関衝 ― 足竅陰,4
108,第29回,午後,問題 108,経絡経穴概論,すべての陽経脈と連絡している奇経の􄌂穴はどれか。,􄋰陽,交信,陽交,築賓,3
109,第29回,午後,問題 109,経絡経穴概論,骨度で脛骨内側顆下縁から膝蓋骨尖までと同じなのはどれか。,臍中央から小腸の募穴,前正中線から肝の募穴,胸骨体下端から心の募穴,恥骨結合上縁から三焦の募穴,1
110,第29回,午後,問題 110,経絡経穴概論,八脈交会穴が関係する奇経の組合せで正しいのはどれか。,陰維脈 ― 帯脈,陽維脈 ― 督脈,陽􄋳脈 ― 衝脈,陰􄋳脈 ― 任脈,4
111,第29回,午後,問題 111,経絡経穴概論,任脈上に募穴がある臓腑の所属経脈の原穴はどれか。,合谷,太渓,陽池,太衝,4
112,第29回,午後,問題 112,経絡経穴概論,甲状軟骨上縁の高さにないのはどれか。,扶突,人迎,天窓,天牖,1
113,第29回,午後,問題 113,経絡経穴概論,腹哀の高さで正しいのはどれか。,臍中央の上方2 寸,臍中央の上方3 寸,臍中央の上方4 寸,臍中央の上方5 寸,2
114,第29回,午後,問題 114,経絡経穴概論,郄穴の部位はどれか。,膝蓋骨底外端の上方2 寸,腓骨の前方、外果尖の上方5 寸,腓腹筋外側頭下縁とアキレス􄼳の間,内果後下方、踵骨上方、アキレス􄼳の前陥凹部,2
115,第29回,午後,問題 115,経絡経穴概論,経穴と解剖学的部位の組合せで正しいのはどれか。,曲垣 ― 棘上窩,天府 ― 鎖骨下窩,欠盆 ― 小鎖骨上窩,気舎 ― 大鎖骨上窩,1
116,第29回,午後,問題 116,経絡経穴概論,鵞足を構成する筋上にないのはどれか。,陰陵泉,血海,陰包,陰谷,2
117,第29回,午後,問題 117,経絡経穴概論,標準体型の男性において直刺で刺鍼した場合、肺を損傷するリスクが最も高いのはどれか。,肺の募穴,任脈の絡穴,胃の背部兪穴,脾の大絡の絡穴,1
118,第29回,午後,問題 118,経絡経穴概論,尺側手根屈筋􄼳の橈側縁、手関節掌側横紋の上方1 寸にある経穴はどれか。,間使,養老,経渠,通里,4
119,第29回,午後,問題 119,経絡経穴概論,肩関節の外旋に作用する筋上の経穴はどれか。,臂臑,天宗,臑会,肩􄌰,2
120,第29回,午後,問題 120,経絡経穴概論,前腕後面の経穴で小指伸筋腱と尺側手根伸筋の間に取るのはどれか。,三焦経の経火穴,三焦経の􄌂穴,小腸経の経火穴,小腸経の絡穴,4
121,第29回,午後,問題 121,東洋医学臨床論,顔面神経支配の筋にある経穴の部位はどれか。,頬骨弓中央の上際の陥凹部,外眼角の直下、頬骨下方の陥凹部,珠間切痕と下顎骨関節突起の間の陥凹部,耳珠上の切痕と下顎骨関節突起の間の陥凹部,2
122,第29回,午後,問題 122,東洋医学臨床論,経穴の部位で正しいのはどれか。,秩辺は、第2 後仙骨孔と同じ高さ、正中仙骨稜の外方3 寸にある。,三陽絡は、橈骨と尺骨の骨間の中点、肘頭の下方5 寸にある。,蠡溝は、脛骨内側面の中央、内果尖の上方5 寸にある。,本神は、前髪際から入ること5 分、瞳孔線上にある。,4
123,第29回,午後,問題 123,東洋医学臨床論,経金穴の部位はどれか。,長掌筋腱と橈側手根屈筋腱の間、手関節掌側横紋の上方3 寸,長母指外転筋腱と短母指伸筋腱の間、手関節掌側横紋の上方1 寸5 分,橈骨と尺骨の骨間の中点、手関節背側横紋の上方3 寸,尺骨内縁と尺側手根屈筋の間、手関節背側横紋の上方5 寸,2
124,第29回,午後,問題 124,東洋医学臨床論,五兪穴の滎穴が深腓骨神経の分布領域にあるのはどれか。,肝 経,脾 経,腎 経,胆 経,1
125,第29回,午後,問題 125,東洋医学臨床論,少陽経の郄穴が位置する筋はどれか。,前脛骨筋,長腓骨筋,ヒラメ筋,長指伸筋,2
126,第29回,午後,問題 126,東洋医学臨床論,関元兪と同じ高さにある奇穴の主治はどれか。,咳 嗽,動 悸,不 眠,月経痛,4
127,第29回,午後,問題 127,東洋医学臨床論,鍼施術で気胸を起こすリスクが最も高い経穴はどれか。,天 宗,身 柱,附 分,三焦兪,3
128,第29回,午後,問題 128,東洋医学臨床論,「つま先が上がりにくく、膝を高く上げた後、つま先から接地するように歩く。」この異常歩行に対して筋萎縮の予防を目的に低周波鍼通電療法を行う場合、治療穴の組合せとして適切なのはどれか。,伏 兎 ― 陰 市,委 中 ― 承 山,地 機 ― 三陰交,足三里 ― 下巨虚,4
129,第29回,午後,問題 129,東洋医学臨床論,32 歳の女性。頸は細く、なで肩。長時間のパソコン作業で肩こりに続き、持続性の鈍痛が後頭部に出現。仕事を休むほどではない。悪心・嘔吐、光過敏は伴わない。この症例に対する生活指導で最も適切なのはどれか。,パソコン作業時は肘掛けの使用を控える。,後頸部の筋群の筋力トレーニングを行わせる。,入浴はシャワーのみで済ませる。,現在より高さのある枕を使用させる。,2
130,第29回,午後,問題 130,東洋医学臨床論,特発性三叉神経痛の好発部位に対する局所治療穴として最も適切なのはどれか。,陽 白,四 白,印 堂,魚 腰,2
131,第29回,午後,問題 131,東洋医学臨床論,過活動膀胱の患者に対する治療で、仙髄排尿中枢を介した治療穴として最も適切なのはどれか。,水 分,三焦兪,腎 兪,中 髎,4
132,第29回,午後,問題 132,東洋医学臨床論,33 歳の女性。主訴は右手掌の母指から環指橈側にかけての痛みとしびれ。妊娠中に発症し、出産後、家事と育児で症状が増悪し、物がつまみにくくなった。この症例で罹患神経の絞扼部位に対する刺鍼部位として最も適切なのはどれか。,肘頭と上腕骨外側上顆の間,肘頭と上腕骨内側上顆の間,橈側手根隆起と尺側手根隆起の間,豆状骨と有鈎骨鈎の間,3
133,第29回,午後,問題 133,東洋医学臨床論,L4 ‒ L5 間の後外側への椎間板ヘルニアによる下肢の痛みに対する局所治療穴として最も適切なのはどれか。,承 筋,陰 谷,地 機,足三里,4
134,第29回,午後,問題 134,東洋医学臨床論,73 歳の女性。主訴は左股関節の痛み。3 か月前から痛みがひどくなった。エックス線検査にて軟骨下骨の硬化、骨棘形成がみられた。トーマステストは陽性、トレンデレンブルグ徴候とエリーテストは陰性。この症例の拘縮がみられる筋に対する局所治療穴として最も適切なのはどれか。,居 髎,衝 門,秩 辺,髀 関,4
135,第29回,午後,問題 135,東洋医学臨床論,28 歳の女性。職業は鍼灸師。回外位で左前腕にカバンを引っかけて持つことが多く、内側上顆から肘窩内側縁に沿った張り感とともに左手掌橈側にしびれを自覚する。最近、左手で艾を捻ることが困難である。この症例の神経絞扼部に対する刺鍼部位として最も適切なのはどれか。,孔最と少海の間,曲池と曲沢の間,間使と大陵の間,手三里と支正の間,2
136,第29回,午後,問題 136,東洋医学臨床論,20 歳の男性。右利き投手。オーバースロー投球時のコッキング期に右肩峰の前下方に痛みが出る。インピンジメントテスト陽性。この症例の罹患筋に対する刺鍼部位として最も適切なのはどれか。,秉 風,肩 貞,天 宗,肩外兪,1
137,第29回,午後,問題 137,東洋医学臨床論,13 歳の男子。サッカーをしており、最近になり膝前下部の運動時痛と腫脹が認められた。本症例の原因となる筋への治療穴として最も適切なのはどれか。,髀 関,箕 門,豊 隆,三陰交,2
138,第29回,午後,問題 138,東洋医学臨床論,スポーツ障害と罹患筋に対する局所治療穴の組合せで適切なのはどれか。,シンスプリント ― 三陰交,ジャンパー膝 ― 足三里,フォアハンドテニス肘 ― 曲池,野球肩 ― 雲門,1
139,第29回,午後,問題 139,東洋医学臨床論,50 歳の男性。主訴は上腹部痛。胸やけと悪心もある。この病証に対し、八脈交会穴の配穴に基づき、手関節近傍の経穴に刺鍼した。もう一か所の刺鍼部位として最も適切なのはどれか。,足内側、第1 中足骨底内側の遠位陥凹部,足内側、内果尖の下方1 寸,足背、第4 ・第5 中足骨底接合部の遠位,足外側、外果尖の直下,1
140,第29回,午後,問題 140,東洋医学臨床論,脾の運化作用を介して湿を除くことにより治療できる痛みはどれか。,脹 痛,重 痛,刺 痛,隠 痛,2
141,第29回,午後,問題 141,東洋医学臨床論,47 歳の女性。2 か月前からめまいがあり、頭部MRI 検査では異常はなかった。疲れやすく、風邪を引きやすい。爪の色が薄く、経血量の減少がある。舌は淡、脈は弱を認める。この患者に対し、八会穴を用いて治療を行う場合、膈兪とともに選穴するのはどれか。,大 杼,膻 中,陽陵泉,懸 鍾,2
142,第29回,午後,問題 142,東洋医学臨床論,65 歳の男性。1 か月前から腰下肢のだるさがあり、最近では耳鳴りが断続的に起こる。舌は紅、脈は細数を認める。この患者の病証に対する治療方針として最も適切なのはどれか。,肺陰を補う。,腎陰を補う。,肝陽を補う。,脾陽を補う。,2
143,第29回,午後,問題 143,東洋医学臨床論,36 歳の女性。主訴は咳嗽。せき込むと粘稠で白色の痰を多量に喀出する。緩解と増悪を繰り返しながら3 年が経過している。子どもの頃から食が細く、痩せている。舌は淡、白膩苔、脈は滑を認める。この患者の病証に対する治療方針として最も適切なのはどれか。,風寒の邪を取り除く。,瘀血を取り除く。,肺陰を補う。,運化を高める。,4
144,第29回,午後,問題 144,東洋医学臨床論,36 歳の男性。主訴は焦燥感。仕事の重圧によりイライラする。最近は動悸があり、寝付きが悪い。顔が赤く、便秘である。舌尖は紅、脈は数有力を認める。この患者の病証に対する治療方針として最も適切なのはどれか。,肝陰を補う。,心火を瀉す。,脾陽を補う。,肺の痰湿を除く。,2
145,第29回,午後,問題 145,東洋医学臨床論,43 歳の男性。主訴は咳嗽。仕事が忙しくなると発作的にせき込む。痰が切れにくく、咽頭部に違和感があり、胸脇部が張る。舌は紅、脈は弦数を認める。この患者の病証に対する治療方針として最も適切なのはどれか。,腎陰を補う。,肺気を補う。,肝火を抑える。,痰濁を除く。,3
146,第29回,午後,問題 146,東洋医学臨床論,五臓の特徴的な症状と治療穴の組合せで正しいのはどれか。,五更泄瀉 ― 太 衝,梅核気 ― 太 淵,陽 萎 ― 大 陵,多 夢 ― 神 門,4
147,第29回,午後,問題 147,東洋医学臨床論,51 歳の男性。2 日前に強い寒冷環境で長時間の作業をした後、肩に固定性の痛みとこわばりが生じた。舌は淡、脈は緊を認める。この患者の病証で最も適切なのはどれか。,行 痹,痛 痹,着 痹,熱 痹,2
148,第29回,午後,問題 148,東洋医学臨床論,50 歳の女性。3 週間前に旅行で歩き過ぎて右殿部から大腿外側部のつっぱり感と痛みを自覚した。足先のしびれ、こむら返り、目の疲れも気になる。舌は淡白、脈は細を認める。この病証に対する配穴の組合せで最も適切なのはどれか。,肝 兪 ― 足臨泣,腎 兪 ― 束 骨,脾 兪 ― 陥 谷,膀胱兪 ― 然 谷,1
149,第29回,午後,問題 149,東洋医学臨床論,28 歳の男性。2 か月前から上歯痛や鼻出血、腹鳴がみられるようになり、昨日から舌根部や心窩部が痛み、食事をすると嘔吐するようになった。この患者の経脈病証を原絡配穴法で治療する場合、主証で選穴するのはどれか。,公 孫,太 白,衝 陽,豊 隆,2
150,第29回,午後,問題 150,東洋医学臨床論,足先の強い冷えを感じ、ときには腰まで冷えが上ってくる。下痢をしやすい。この患者の病証に対して十二刺の刺法に基づき治療する場合、刺鍼部位の指標となるのはどれか。,大腿動脈拍動部,膝窩動脈拍動部,後脛骨動脈拍動部,足背動脈拍動部,3
151,第29回,午後,問題 151,東洋医学臨床論,45 歳の女性。主訴は倦怠感。1 か月前より強くなった。寒がりで、動作が緩慢である。食欲低下、便秘、月経過多、徐脈を認める。最もみられる身体所見はどれか。,体重減少,頸部腫脹,圧痕が残る浮腫,深部反射亢進,2
152,第29回,午後,問題 152,東洋医学臨床論,45 歳の女性。主訴は倦怠感。1 か月前より強くなった。寒がりで、動作が緩慢である。食欲低下、便秘、月経過多、徐脈を認める。病証として最も適切なのはどれか。,腎陰虚,胃気虚,脾陽虚,風寒犯肺,3
153,第29回,午後,問題 153,東洋医学臨床論,72 歳の男性。主訴は頻尿。難聴がある。トイレは我慢できるが、夜間に少量の尿失禁があり、前立腺肥大症と診断された。以前から腰が冷えてだるい。舌は淡、脈は弱を認める。病態として最も適切なのはどれか。,溢流性尿失禁,切迫性尿失禁,反射性尿失禁,腹圧性尿失禁,1
154,第29回,午後,問題 154,東洋医学臨床論,72 歳の男性。主訴は頻尿。難聴がある。トイレは我慢できるが、夜間に少量の尿失禁があり、前立腺肥大症と診断された。以前から腰が冷えてだるい。舌は淡、脈は弱を認める。治療方針として最も適切なのはどれか。,陰液を補う。,陽気を補う。,精の漏出を防ぐ。,痰を取り除く。,2
155,第29回,午後,問題 155,東洋医学臨床論,24 歳の女性。月経開始から2 日間ほど月経痛が激しく、吐き気がある。腰痛もあるが、特に下腹部痛が強く憂うつになる。不正性器出血や月経周期の異常はなく、器質的な障害もない。下腹部痛の原因に最も関与するのはどれか。,ヒスタミン,アドレナリン,オキシトシン,プロスタグランジン,4
156,第29回,午後,問題 156,東洋医学臨床論,24 歳の女性。月経開始から2 日間ほど月経痛が激しく、吐き気がある。腰痛もあるが、特に下腹部痛が強く憂うつになる。不正性器出血や月経周期の異常はなく、器質的な障害もない。痛みの原因となっている器官名と同名の経穴に刺鍼する場合、その取り方として正しいのはどれか。,関元の外方5 分,関元の外方2 寸,中極の外方2 寸,中極の外方3 寸,3
157,第29回,午後,問題 157,東洋医学臨床論,54 歳の男性。数日前から左耳に痛みがあり、しばらくしてから外耳道に水疱が出現した。同側の表情筋の麻痺と聴力の低下を伴っている。最も考えられる疾患はどれか。,ベル麻痺,脳幹梗塞,聴神経腫瘍,ラムゼイ ハント症候群,4
158,第29回,午後,問題 158,東洋医学臨床論,54 歳の男性。数日前から左耳に痛みがあり、しばらくしてから外耳道に水疱が出現した。同側の表情筋の麻痺と聴力の低下を伴っている。罹患筋を広範囲に刺激するのに最も適切な治療穴はどれか。,糸竹空,巨髎,顴髎,翳風,3
159,第29回,午後,問題 159,東洋医学臨床論,29 歳の女性。主訴は不眠。寝付きが悪い。起床時には四肢がだるい。足の冷えがあり、生ものを食べると下痢をしやすい。舌は淡白で胖大、脈は濡を認める。病証として最も適切なのはどれか。,肝血虚,心気虚,脾陽虚,腎気虚,3
160,第29回,午後,問題 160,東洋医学臨床論,29 歳の女性。主訴は不眠。寝付きが悪い。起床時には四肢がだるい。足の冷えがあり、生ものを食べると下痢をしやすい。舌は淡白で胖大、脈は濡を認める。病証に対する治療穴で最も適切なのはどれか。,太衝,太白,神門,太渓,2
161,第29回,午後,問題 161,はり理論,我が国で製造されている単回使用毫鍼について誤っているのはどれか。,ホルマリンガスで滅菌されている。,無菌性が保証されている。,管理医療機器に分類される。,製造業者の表示が義務付けられている。,1
162,第29回,午後,問題 162,はり理論,押手について正しいのはどれか。,母指と示指が鍼体をつまむ圧を固定圧という。,周囲圧に相当するのは水平圧である。,皮膚の緊張度を調節する。,刺入速度を調節する。,3
163,第29回,午後,問題 163,はり理論,雀啄術と回旋術に共通するのはどれか。,抜鍼困難時に使用する。,刺入した後、鍼管で刺激を与える。,鍼柄を刺手でつまみ振動を与える。,一定深度に刺入後、鍼を動かし刺激を与える。,4
164,第29回,午後,問題 164,はり理論,特殊鍼法で水平に刺入するのはどれか。,円皮鍼,集毛鍼,皮内鍼,灸頭鍼,3
165,第29回,午後,問題 165,はり理論,鍼施術に対する患者の感受性を決定する要因はどれか。,刺鍼の手技,鍼体の太さ,受療経験の有無,刺激時間の長さ,3
166,第29回,午後,問題 166,はり理論,鍼通電装置と近接使用してはならないのはどれか。,超音波,紫外線,マイクロ波,赤外線,3
167,第29回,午後,問題 167,はり理論,衛生的な鍼施術を行う場合、感染症対策として最も適切なのはどれか。,逆性石けんを用いた手指洗浄,エアータオルによる乾燥,クリーン・ニードル・テクニック,抜鍼後消毒綿花の一般廃棄物処理,3
168,第29回,午後,問題 168,はり理論,痛覚の一次性ニューロンが二次性ニューロンに交代する部位はどれか。,脊髄前角,脊髄後角,薄束核,楔状束核,2
169,第29回,午後,問題 169,はり理論,ポリモーダル受容器の興奮で生じる軸索反射により、受容器末端から放出されるのはどれか。,サブスタンスP,ヒスタミン,ブラジキニン,プロスタグランジン,1
170,第29回,午後,問題 170,はり理論,血管内皮細胞で産生され、血管平滑筋を弛緩させる物質はどれか。,一酸化窒素,セロトニン,アセチルコリン,ノルアドレナリン,1
171,第29回,午後,問題 171,きゅう理論,艾について誤っているのはどれか。,ヨモギの葉の裏面には毛茸が多い。,毛茸は良質艾に含まれる。,柄細胞は揮発性の精油を含む。,シネオールは線維様物質である。,4
172,第29回,午後,問題 172,きゅう理論,母指と示指で艾炷を覆い、ゆっくり八分目で消火する灸法はどれか。,透熱灸,焦灼灸,打膿灸,知熱灸,4
173,第29回,午後,問題 173,きゅう理論,透熱灸施灸部の消毒方法で最も適切なのはどれか。,ラビング法を用いる｡,施灸前後に行う｡,次亜塩素酸ナトリウムを用いる。,施灸部位を往復するように拭く。,2
174,第29回,午後,問題 174,きゅう理論,透熱灸を行う場合、最も注意しなければならない疾患はどれか。,全身性エリテマトーデス,過敏性腸症候群,月経困難症,変形性腰椎症,1
175,第29回,午後,問題 175,きゅう理論,灸あたりの一般的症状でないのはどれか。,悪寒,発熱,胸痛,頭重,3
176,第29回,午後,問題 176,きゅう理論,透熱灸による熱刺激の伝導路はどれか。,外側皮質脊髄路,外側脊髄視床路,腹側脊髄視床路,後索路,2
177,第29回,午後,問題 177,きゅう理論,有痕灸を避けるべき部位はどれか。,頭頂部,爪根部,頬部,胸骨部,3
178,第29回,午後,問題 178,きゅう理論,施灸局所のフレア現象について正しいのはどれか。,広作動域ニューロンが関与する。,単シナプス反射によって生じる。,CGRP の遊離によって生じる。,内因性オピオイドが関与する。,3
179,第29回,午後,問題 179,きゅう理論,透熱灸によって血圧上昇をきたす反射の遠心路を構成する神経線維はどれか。,Aα 線維,Aβ 線維,Aδ 線維,C 線維,4
180,第29回,午後,問題 180,きゅう理論,1 回の透熱灸による生体反応で正しいのはどれか。,血管透過性の抑制,補体の活性化,肥満細胞の脱顆粒抑制,血液凝固時間の延長,2
181,第30回,午前,問題 1,医療概論・法規・衛生,介護保険制度の保険者はどれか。,国,都道府県,市町村,介護施設,3
182,第30回,午前,問題 2,医療概論・法規・衛生,我が国の国民医療費に含まれるのはどれか。,正常分娩の費用,訪問看護の療養費用,入院時室料差額の費用,予防接種の費用,2
183,第30回,午前,問題 3,医療概論・法規・衛生,被用者保険でないのはどれか。,船員保険,共済組合,協会けんぽ,国民健康保険,4
184,第30回,午前,問題 4,医療概論・法規・衛生,患者が「よろしくお願いします」と言い、医療従事者が「お任せください」と言う会話から考えられる両者の関係はどれか。,パターナリズム,セカンドオピニオン,インフォームド・アセント,インフォームド・コンセント,1
185,第30回,午前,問題 5,医療概論・法規・衛生,疾病予防について、ハイリスクアプローチはどれか。,受動喫煙を減らすための法整備,食習慣改善のための広報活動,市民対象のウォーキング大会の実施,喫煙者に対する禁煙指導の実施,4
186,第30回,午前,問題 6,医療概論・法規・衛生,2019 年度学校保健統計調査において中学生・高校生で被患率が最も高いのはどれか。,むし歯,裸眼視力1.0 未満,鼻・副鼻腔疾患,ぜん息,2
187,第30回,午前,問題 7,医療概論・法規・衛生,疫学指標について、横断調査により明らかになるのはどれか。,有病率,罹患率,死亡率,致命率,1
188,第30回,午前,問題 8,医療概論・法規・衛生,保健所について誤っているのはどれか。,地域保健法で規定される。,保健所長は医師である必要がある。,栄養の改善および食品衛生に関する業務を行う。,地域保健に係る統計に関する業務を行う。,2
189,第30回,午前,問題 9,医療概論・法規・衛生,運動により減少することが期待されるのはどれか。,心拍出量,最大酸素摂取量,末梢血管抵抗,インスリン感受性,3
190,第30回,午前,問題 10,医療概論・法規・衛生,産業衛生管理のうち作業管理はどれか。,作業場の換気,防塵マスクの使用,定期健康診断の実施,作業環境測定の実施,2
191,第30回,午前,問題 11,医療概論・法規・衛生,あはき法で、都道府県知事が施術者に対し、衛生上害を生ずるおそれがあると認める業務に関して必要な指示をするとき、その指示に関して意見を述べることができるのはどれか。,地方厚生局長,市町村長,保健所長,医師の団体,4
192,第30回,午前,問題 12,医療概論・法規・衛生,あはき法における施術所の届出事項で、変更が必要でないのはどれか。,出張による施術を開始した。,業務に従事する施術者が変わった。,施術室を広くした。,開設者が変わった。,4
193,第30回,午前,問題 13,医療概論・法規・衛生,あはき法で、施術所について広告できるのはどれか。,パルス鍼,やいと,認定鍼灸師,労災保険の適用,2
194,第30回,午前,問題 14,解剖学,あはき法で定められている罰則で量刑が最も重いのはどれか。,はり師が消毒をせずに施術した。,施術所の開設を届け出なかった。,施術者が都道府県知事の指示に違反した。,施術者が秘密保持義務に違反した。,4
195,第30回,午前,問題 15,解剖学,頸椎について正しいのはどれか。,横突孔がある。,後弯している。,第6 頸椎は隆椎である。,軸椎は後頭骨との関節面をもつ。,1
196,第30回,午前,問題 16,解剖学,横隔膜について正しいのはどれか。,呼気筋である。,頸神経に支配される。,起始部は腱中心である。,迷走神経は大動脈裂孔を通る。,2
197,第30回,午前,問題 17,解剖学,上肢の筋と作用の組合せで正しいのはどれか。,大円筋 ― 肩関節の外転,長掌筋 ― 橈骨手根関節の伸展,浅指屈筋 ― 遠位指節間関節の屈曲,腕橈骨筋 ― 肘関節の屈曲,4
198,第30回,午前,問題 18,解剖学,外頸動脈の枝はどれか。,眼動脈,椎骨動脈,顎動脈,下甲状腺動脈,3
199,第30回,午前,問題 19,解剖学,静脈について正しいのはどれか。,奇静脈は腕頭静脈に注ぐ。,大伏在静脈は大腿静脈に注ぐ。,尺側皮静脈は鎖骨胸筋三角を通る。,肝静脈は肝門を通る。,2
200,第30回,午前,問題 20,解剖学,食道について正しいのはどれか。,縦隔を通る。,第3 頸椎の高さで始まる。,食道下部の筋層は横紋筋である。,粘膜上皮は多列線毛上皮からなる。,1
201,第30回,午前,問題 21,解剖学,膵臓について正しいのはどれか。,膵頭部は脾臓に接する。,腹膜で全体が覆われる。,膵管は十二指腸に開口する。,ランゲルハンス島は膵頭部に多い。,3
202,第30回,午前,問題 22,解剖学,痛覚の伝導路に含まれるのはどれか。,下丘,胸髄核,後索核,脊髄後角,4
203,第30回,午前,問題 23,解剖学,皮膚について正しいのはどれか。,毛幹の下端を毛球という。,乳腺は皮膚腺の一種である。,表皮は多列円柱上皮である。,メラノサイトは真皮にある。,2
204,第30回,午前,問題 24,解剖学,DNA について誤っているのはどれか。,遺伝情報をもつ。,塩基は3 種類である。,二重らせん構造である。,染色体に含まれる。,2
205,第30回,午前,問題 25,解剖学,血管について正しいのはどれか。,動脈は静脈より血管抵抗が小さい。,動脈は静脈より多くの血液を貯留する。,静脈弁は血液の逆流を防ぐ。,歩行時には静脈還流量が低下する。,3
206,第30回,午前,問題 26,生理学,消化液と消化酵素の組合せで正しいのはどれか。,唾液 ― アミラーゼ,胃液 ― リパーゼ,膵液 ― マルターゼ,腸液 ― ペプシン,1
207,第30回,午前,問題 27,生理学,体温について正しいのはどれか。,体温調節中枢は延髄にある。,細菌感染では産熱は抑制される。,セットポイントの下降により発熱が起こる。,核心温度の変化は温度感受性ニューロンにより感受される。,4
208,第30回,午前,問題 28,生理学,糖質コルチコイドの作用で正しいのはどれか。,血糖値を低下させる。,血圧を低下させる。,胃酸分泌を抑制する。,炎症反応を抑制する。,4
209,第30回,午前,問題 29,生理学,加齢に伴い増加するのはどれか。,副腎皮質ホルモン分泌,肺活量,神経伝導速度,重心動揺,4
210,第30回,午前,問題 30,生理学,脳波について正しいのはどれか。,α 波は安静覚醒閉眼時に現れる。,β 波はα 波より周波数が低い。,δ 波は運動時に多く現れる。,深睡眠時には脳波は平坦となる。,1
211,第30回,午前,問題 31,生理学,筋収縮の過程においてエネルギーを必要とするのはどれか。,筋細胞による活動電位発生,筋細胞内でのカルシウムイオン放出,ミオシン頭部とアクチンの結合,ミオシン頭部の運動,4
212,第30回,午前,問題 32,生理学,近くの物体を見るときに起こるのはどれか。,毛様体筋の弛緩,瞳孔散大,水晶体の厚みの増大,共同偏視,3
213,第30回,午前,問題 33,生理学,遺伝性疾患はどれか。,ダウン症候群,ターナー症候群,マルファン症候群,クラインフェルター症候群,3
214,第30回,午前,問題 34,生理学,DNA ウイルスはどれか。,ノロウイルス,麻疹ウイルス,コロナウイルス,水痘・帯状疱疹ウイルス,4
215,第30回,午前,問題 35,生理学,左冠動脈閉塞による急性心筋梗塞で死亡した。肺にみられる変化として適切でないのはどれか。,出血,塞栓,水腫,うっ血,2
216,第30回,午前,問題 36,生理学,フィブリノゲンの滲出が特徴的なのはどれか。,壊疽性炎,化膿性炎,漿液性炎,線維素性炎,4
217,第30回,午前,問題 37,生理学,抗原提示細胞はどれか。,NK 細胞,好酸球,T リンパ球,マクロファージ,4
218,第30回,午前,問題 38,病理学概論,癌と前癌病変の組合せで正しいのはどれか。,乳癌 ― 乳腺症,口腔癌 ― 白板症,子宮体癌 ― 子宮筋腫,前立腺癌 ― 前立腺肥大,2
219,第30回,午前,問題 39,病理学概論,脳性麻痺で、はさみ脚歩行を呈するのはどれか。,痙直型,失調型,非緊張型,アテトーゼ型,1
220,第30回,午前,問題 40,病理学概論,対光反射の遠心路はどれか。,動眼神経,三叉神経,外転神経,顔面神経,1
221,第30回,午前,問題 41,病理学概論,鷲手をきたす罹患神経はどれか。,筋皮神経,正中神経,橈骨神経,尺骨神経,4
222,第30回,午前,問題 42,病理学概論,血中脂質で基準値を下回ると動脈硬化のリスクが高くなるのはどれか。,中性脂肪,総コレステロール,LDL コレステロール,HDL コレステロール,4
223,第30回,午前,問題 43,病理学概論,リンパ節腫脹の原因で誤っているのはどれか。,感染症,白血病,鼠径ヘルニア,悪性腫瘍の転移,3
224,第30回,午前,問題 44,病理学概論,呼吸器症状について正しいのはどれか。,気胸は胸痛の原因となる。,喘息による咳は昼間に多い。,痰を伴わない咳を湿性咳嗽という。,動脈血酸素飽和度が正常であれば呼吸困難は呈さない。,1
225,第30回,午前,問題 45,病理学概論,一次救命処置で正しいのはどれか。,救急薬品を使用する。,胸骨圧迫を行う。,人工呼吸器をつける。,静脈ルートを確保する。,2
226,第30回,午前,問題 46,臨床医学総論,意識障害で最も重いのはどれか。,昏迷,傾眠,昏睡,嗜眠,3
227,第30回,午前,問題 47,臨床医学総論,やせをきたしやすい疾患はどれか。,早期胃癌,脂質異常症,甲状腺機能低下症,神経性食欲不振症,4
228,第30回,午前,問題 48,臨床医学総論,めまいをきたす疾患はどれか。,メニエール病,パーキンソン病,クッシング病,ウィルソン病,1
229,第30回,午前,問題 49,臨床医学総論,変形性関節症の単純エックス線所見で正しいのはどれか。,骨壊死像,骨棘の形成,関節裂隙の拡大,軟骨下骨の萎縮像,2
230,第30回,午前,問題 50,臨床医学総論,くる病の治療で適切でないのはどれか。,ビタミンD の投与,運動,日光浴,副腎皮質ホルモンの投与,4
231,第30回,午前,問題 51,臨床医学総論,骨化性筋炎の原因はどれか。,脊髄損傷,エストロゲン製剤の服用,意識障害を伴う脳障害,筋挫傷後の無理な可動域訓練,4
232,第30回,午前,問題 52,臨床医学総論,外傷とその原因の組合せで正しいのはどれか。,手舟状骨骨折 ― 手関節掌屈,股関節脱臼 ― 車内のダッシュボードへの膝の衝突,上腕骨顆上骨折 ― 上肢の急激な牽引,第5 中足骨基部裂離骨折 ― 足部外がえし,2
233,第30回,午前,問題 53,臨床医学総論,筋萎縮性側索硬化症によくみられるのはどれか。,感覚障害,眼球運動障害,膀胱直腸障害,筋線維束性れん縮,4
234,第30回,午前,問題 54,臨床医学総論,パーキンソン病で振戦が最も起こりやすいのはどれか。,字を書くとき,じっとしているとき,何か物を取ろうとするとき,からだの前で手を保持するとき,2
235,第30回,午前,問題 55,臨床医学総論,高血圧性脳出血が最も好発する部位はどれか。,被殻,視床,橋,前頭葉,1
236,第30回,午前,問題 56,臨床医学総論,汎血球減少症をきたすのはどれか。,鉄欠乏性貧血,腎性貧血,溶血性貧血,再生不良性貧血,4
237,第30回,午前,問題 57,臨床医学総論,急性骨髄性白血病について正しいのはどれか。,末梢血で白血球裂孔がみられる。,中枢神経障害がみられる。,小児に多い。,血液凝固系は保たれる。,1
238,第30回,午前,問題 58,臨床医学総論,子宮筋腫について正しいのはどれか。,CA125 が上昇する。,ヒトパピローマウイルス感染が関係する。,不正性器出血をきたしにくい。,エストロゲン依存性疾患である。,4
239,第30回,午前,問題 59,臨床医学総論,非結核性抗酸菌症について正しいのはどれか。,男性に多い。,人から人へ感染する。,難治性である。,肺切除の対象とはならない。,3
240,第30回,午前,問題 60,臨床医学総論,腎前性腎不全の病因はどれか。,出血性ショック,前立腺癌,後腹膜腫瘍,急性腎炎症候群,1
241,第30回,午前,問題 61,臨床医学各論,不整脈で予後が最も良いのはどれか。,心室細動,心房細動,上室性期外収縮,Ⅲ度房室ブロック,3
242,第30回,午前,問題 62,臨床医学各論,我が国における後天性失明の原因で最も多いのはどれか。,加齢黄斑変性症,白内障,網膜剥離,緑内障,4
243,第30回,午前,問題 63,臨床医学各論,Ⅳ型アレルギーはどれか。,アナフィラキシーショック,アレルギー性結膜炎,アレルギー性接触性皮膚炎,アレルギー性鼻炎,3
244,第30回,午前,問題 64,臨床医学各論,発達障害で不注意、多動性、衝動性の3 つの特徴がみられるのはどれか。,ADHD,PTSD,発達性協調運動障害,自閉スペクトラム症,1
245,第30回,午前,問題 65,臨床医学各論,感染症と媒介生物の組合せで正しいのはどれか。,発疹チフス ― ダニ,トキソプラズマ症 ― シラミ,デング熱 ― 蚊,日本脳炎 ― ネズミ,3
246,第30回,午前,問題 66,臨床医学各論,急性膵炎で最も多いのはどれか。,アルコール性膵炎,自己免疫性膵炎,胆石性膵炎,薬剤性膵炎,1
247,第30回,午前,問題 67,臨床医学各論,予防接種が有効な感染症はどれか。,百日咳,腸チフス,C 型肝炎,猩紅熱,1
248,第30回,午前,問題 68,臨床医学各論,アデノウイルス感染症はどれか。,流行性耳下腺炎,流行性角結膜炎,伝染性単核球症,手足口病,2
249,第30回,午前,問題 69,臨床医学各論,大腸癌について正しいのはどれか。,近年減少傾向である。,便潜血検査は死亡率減少に寄与する。,大部分が扁平上皮癌である。,血清CEA が早期診断に役立つ。,2
250,第30回,午前,問題 70,臨床医学各論,ウイルス性肝炎と感染経路の組合せで正しいのはどれか。,Ａ型 ― 性行為,Ｂ型 ― 獣肉摂取,Ｃ型 ― 血液への曝露,Ｅ型 ― 生鮮魚介類の摂取,3
251,第30回,午前,問題 71,臨床医学各論,社会的リハビリテーションに該当するのはどれか。,職業訓練,特別支援教育,二次的合併症の予防,施設入所支援,4
252,第30回,午前,問題 72,臨床医学各論,リハビリテーション医療チームのうち、退院後在宅での施設利用を調整する職種はどれか。,看護師,作業療法士,義肢装具士,医療ソーシャルワーカー,4
253,第30回,午前,問題 73,臨床医学各論,疾患と異常歩行の組合せで正しいのはどれか。,腰部脊柱管狭窄症 ― 間欠跛行,脊髄小脳変性症 ― 分回し歩行,パーキンソン病 ― 酩酊歩行,脳卒中片麻痺 ― 小刻み歩行,1
254,第30回,午前,問題 74,臨床医学各論,手関節背屈装具の適応となるのはどれか。,正中神経麻痺,橈骨神経麻痺,筋皮神経麻痺,尺骨神経麻痺,2
255,第30回,午前,問題 75,臨床医学各論,スプーンを持ってスープを口に運ぶ際、前腕と手関節の運動方向の組合せで最も適切なのはどれか。,前腕回外 ― 手関節屈曲,前腕回外 ― 手関節伸展,前腕回内 ― 手関節屈曲,前腕回内 ― 手関節伸展,1
256,第30回,午前,問題 76,臨床医学各論,脳卒中片麻痺患者の生活期に最も多く使用されている装具はどれか。,長下肢装具,短下肢装具,膝関節装具,体幹装具,2
257,第30回,午前,問題 77,臨床医学各論,脊髄損傷患者に生じる自律神経過反射について正しいのはどれか。,腰髄損傷患者にみられる。,頻脈を生じる。,便秘が原因となる。,血圧上昇にはまず降圧薬を投与する。,3
258,第30回,午前,問題 78,臨床医学各論,下腿義足のうち膝蓋靱帯で体重を支持し、懸垂をカフベルトで行うのはどれか。,在来式,KBM 式,PTB 式,ライナー式,3
259,第30回,午前,問題 79,臨床医学各論,脳性麻痺について正しいのはどれか。,脳の病変は進行性である。,成長に応じた療育が重要である。,病型ではアテトーゼ型が最も多い。,出生時の一過性の運動障害も含まれる。,2
260,第30回,午前,問題 80,臨床医学各論,ヒュー・ジョーンズの分類で「息切れのために外出ができない」のはどれか。,Ⅰ度,Ⅱ度,Ⅳ度,Ⅴ度,4
261,第30回,午前,問題 81,臨床医学各論,変形性膝関節症に対するリハビリテーションで最も適切なのはどれか。,下肢等尺性筋力訓練,階段昇降訓練,自助具の使用,寒冷療法,1
262,第30回,午前,問題 82,臨床医学各論,パーキンソン病の症状で正しいのはどれか。,下垂足,前傾前屈姿勢,大殿筋歩行,ミオクロニー発作,2
263,第30回,午前,問題 83,リハビリテーション医学,65 歳の男性。左片麻痺と意識障害を生じた。頭部CT 検査にて右被殻出血と診断され、保存的治療を受けた。リハビリテーションの評価において視覚の見落としが著明であった。本患者の高次脳機能障害はどれか。,失行,注意障害,記憶障害,遂行機能障害,2
264,第30回,午前,問題 84,リハビリテーション医学,65 歳の男性。左片麻痺と意識障害を生じた。頭部CT 検査にて右被殻出血と診断され、保存的治療を受けた。リハビリテーションの評価において視覚の見落としが著明であった。本患者への適切な対応はどれか。,メモをとるように勧める。,周囲の人が動作を促す。,段差に気を付けるように指導する。,同時に複数の課題をさせない。,3
265,第30回,午前,問題 85,リハビリテーション医学,70 歳の男性。車を停車中に左上肢を伸ばし後部座席の物を取ったところ、肩峰部に激痛を感じた。肩関節部を他動的に外転させても、自力で外転位を保持できない。診察所見で適切なのはどれか。,ドロップアームテスト陽性,ペインフルアークサイン陽性,肩関節内旋筋力低下,肩関節内転筋力低下,1
266,第30回,午前,問題 86,リハビリテーション医学,70 歳の男性。車を停車中に左上肢を伸ばし後部座席の物を取ったところ、肩峰部に激痛を感じた。肩関節部を他動的に外転させても、自力で外転位を保持できない。診断確定のための検査で最も適切なのはどれか。,エックス線検査,CT 検査,MRI 検査,筋電図検査,3
267,第30回,午前,問題 87,リハビリテーション医学,55 歳の女性。2 か月前から背部の鈍痛が続いていたが放置していた。発熱はないが、食欲不振、体重減少、倦怠感がある。最も疑われる疾患はどれか。,子宮筋腫,尿路結石,腎盂腎炎,膵臓癌,4
268,第30回,午前,問題 88,リハビリテーション医学,55 歳の女性。2 か月前から背部の鈍痛が続いていたが放置していた。発熱はないが、食欲不振、体重減少、倦怠感がある。行うべき検査で最も適切なのはどれか。,腹部超音波検査,尿沈渣,血液像,腹部エックス線検査,1
269,第30回,午前,問題 89,リハビリテーション医学,55 歳の男性。強度近視。夕方デスクワーク中、右眼で黒く動く小さな糸くず状のものが見えた。該当する症状はどれか。,霧視,複視,飛蚊症,光視症,3
270,第30回,午前,問題 90,リハビリテーション医学,55 歳の男性。強度近視。夕方デスクワーク中、右眼で黒く動く小さな糸くず状のものが見えた。次第に症状は悪化し、右眼で下から上へ視野欠損も生じてきた。考えられる疾患はどれか。,緑内障,白内障,網膜剥離,網膜色素変性症,3
271,第30回,午後,問題 91,東洋医学概論,陰陽の関係で「寒い日には活動して冷えすぎないようにする」のはどれか。,陰陽互根,陰陽消長,陰陽制約,陰陽転化,3
272,第30回,午後,問題 92,東洋医学概論,血瘀の症状はどれか。,筋けいれん,顔面蒼白,視力減退,色素沈着,4
273,第30回,午後,問題 93,東洋医学概論,気血を化生する臓について正しいのはどれか。,血を主る。,魂を蔵する。,発汗を調節する。,耳に開竅する。,4
274,第30回,午後,問題 94,東洋医学概論,全身の陽気を主る臓腑の生理作用はどれか。,受盛,治節,降濁,納気,1
275,第30回,午後,問題 95,東洋医学概論,外邪とその特徴の組合せで正しいのはどれか。,風邪 ― 動血,暑邪 ― 昇散,湿邪 ― 凝滞,寒邪 ― 重濁,2
276,第30回,午後,問題 96,東洋医学概論,気機を上昇させる特性をもつ五志の症状はどれか。,目のかすみ,不整脈,皮膚の乾燥,歯のぐらつき,1
277,第30回,午後,問題 97,東洋医学概論,陽経の気血を調節するのはどれか。,督脈,任脈,衝脈,帯脈,1
278,第30回,午後,問題 98,東洋医学概論,28 歳の女性。年末年始に接客が多忙だった。その後、徐々に気力がなくなり、疲れやすく、接客がつらい。本患者の病因で最も適切なのはどれか。,思,寒邪,労倦,飲食不節,3
279,第30回,午後,問題 99,東洋医学概論,82 歳の男性。半年前に誤嚥性肺炎で1 か月間入院した。退院後から腰の痛み、耳鳴り、手足のほてりが出現し寝汗をかくようになった。本患者の病証の病理で正しいのはどれか。,疏泄の失調,運化の失調,肝火の上炎,腎陰の不足,4
280,第30回,午後,問題 100,東洋医学概論,経脈病証で「前頸部が腫れ、口がゆがみ口すぼめができず、うつ傾向にある」のはどれか。,手の太陰経病証,手の少陰経病証,足の陽明経病証,足の少陽経病証,3
281,第30回,午後,問題 101,東洋医学概論,経脈病証で難聴が起こるのはどれか。,足の少陰経,手の太陽経,足の厥陰経,手の陽明経,2
282,第30回,午後,問題 102,経絡経穴概論,43 歳の男性。主訴は便秘。1 週間前に風邪を引き、その後、口渇が強くなり発汗も多くなった。午後3 時から5 時くらいまで体温が高くなる。本患者の病証で最もみられる脈状はどれか。,濡脈,弦脈,洪脈,緩脈,3
283,第30回,午後,問題 103,経絡経穴概論,慢性の眩暈と頭痛、目の充血、のぼせ、腰がだるく力が入らない。脈は弦細数を認める。本病証の治療原則で最も適切なのはどれか。,瀉実,急則治標,補虚瀉実,因地制宜,3
284,第30回,午後,問題 104,経絡経穴概論,46 歳の男性。主訴は肩こり。1 年以上テレワークで外出機会が減少し、ストレスを感じている。胸肋部痛と喉のつかえ感を伴う。本患者の病証で最も適切なのはどれか。,陰虚,気滞,湿熱,血虚,2
285,第30回,午後,問題 105,経絡経穴概論,奇経八脈で血海と呼ばれるのはどれか。,任脈,衝脈,陰維脈,陰蹻脈,2
286,第30回,午後,問題 106,経絡経穴概論,十二刺の偶刺に基づいた治療穴の組合せで正しいのはどれか。,太淵 ― 列欠,太淵 ― 肺兪,中府 ― 列欠,中府 ― 肺兪,4
287,第30回,午後,問題 107,経絡経穴概論,経脈の流注で生殖器をめぐるのはどれか。,足の陽明経,足の太陰経,足の少陰経,足の厥陰経,4
288,第30回,午後,問題 108,経絡経穴概論,八会穴で募穴でもある経穴が所属する経脈はどれか。,足の太陰経,足の厥陰経,足の太陽経,足の少陽経,2
289,第30回,午後,問題 109,経絡経穴概論,骨度で胸骨体下端から臍中央と同じ寸法はどれか。,内果尖から肝経の絡穴,外果尖から胃経の絡穴,手関節掌側横紋から肺経の郄穴,手関節背側横紋から大腸経の郄穴,1
290,第30回,午後,問題 110,経絡経穴概論,デルマトームのTh7 からTh10 領域に位置する募穴の臓腑はどれか。,胃,小腸,心包,三焦,1
291,第30回,午後,問題 111,経絡経穴概論,胸骨角を基準に取るのはどれか。,幽門,鳩尾,玉堂,気舎,3
292,第30回,午後,問題 112,経絡経穴概論,督脈の経穴で、外方3 寸に膀胱経の経穴がないのはどれか。,陶道,霊台,懸枢,腰兪,4
293,第30回,午後,問題 113,経絡経穴概論,深刺の際に最も注意すべき経穴はどれか。,八風,秉風,風市,風池,4
294,第30回,午後,問題 114,経絡経穴概論,経穴の部位で正しいのはどれか。,伏兎は、大腿前外側、大腿直筋腱の外側で膝蓋骨底の上方3 寸にある。,承扶は、大腿部後面、大腿二頭筋と半腱様筋の間、殿溝の下方6 寸にある。,風市は、大腿部外側、腸脛靱帯の後方で、膝窩横紋の上方7 寸にある。,陰包は、大腿部内側、薄筋と縫工筋の間、膝蓋骨底の上方4 寸にある。,1
295,第30回,午後,問題 115,経絡経穴概論,長母指外転筋腱と短母指伸筋腱の間にある経穴について正しいのはどれか。,主に急性症状の治療で用いる。,督脈との交会穴である。,脈気が溜るところにあにあたる。,頭項の病に用いる。,4
296,第30回,午後,問題 116,経絡経穴概論,正中神経の分布領域にある経穴はどれか。,商陽,関衝,少衝,少沢,3
297,第30回,午後,問題 117,経絡経穴概論,第4 ・第5 中手骨の間にあるのはどれか。,労宮,少府,腕骨,落枕,2
298,第30回,午後,問題 118,経絡経穴概論,経穴と取り方の指標の組合せで正しいのはどれか。,顴髎 ― 外眼角を通る垂線上,地倉 ― 瞳孔を通る垂線上,四白 ― 耳垂下縁を通る水平線,下関 ― 頬骨弓中央の上際,2
299,第30回,午後,問題 119,経絡経穴概論,所属経脈が表裏関係にあるのはどれか。,頭竅陰と足竅陰,手五里と足五里,腰陽関と膝陽関,腹通谷と足通谷,1
300,第30回,午後,問題 120,経絡経穴概論,腓骨の後方に取る経穴はどれか。,陽維脈の郄穴,胆経の郄穴,胆経の絡穴,八会穴の髄会,1
301,第30回,午後,問題 121,東洋医学臨床論,五兪穴で咳嗽と発熱に用いるのはどれか。,陰谷,復溜,太渓,然谷,4
302,第30回,午後,問題 122,東洋医学臨床論,六つ灸で用いる経穴と同じ高さにあるのはどれか。,至陽,接脊,中枢,陽綱,4
303,第30回,午後,問題 123,東洋医学臨床論,大腸の下合穴の経火穴はどれか。,陥谷,陽渓,解渓,崑崙,3
304,第30回,午後,問題 124,東洋医学臨床論,腓骨頭直下と脛骨粗面下端の中間に取る経穴が所属するのはどれか。,八総穴,八会穴,中風七穴,五要穴,3
305,第30回,午後,問題 125,東洋医学臨床論,生体において皮膚温の変化を示すのはどれか。,丘疹点,ヘッド帯,ボアス点,エアポケット現象,4
306,第30回,午後,問題 126,東洋医学臨床論,透熱灸を避けるべき経穴はどれか。,百会,巨髎,天柱,角孫,2
307,第30回,午後,問題 127,東洋医学臨床論,緊張型頭痛に対する局所治療について罹患筋と治療穴の組合せで正しいのはどれか。,側頭筋 ― 風池,僧帽筋 ― 翳風,後頭筋 ― 玉枕,頭半棘筋 ― 脳空,3
308,第30回,午後,問題 128,東洋医学臨床論,マン・ウェルニッケ肢位にある片麻痺患者に対して、上肢の痙性の改善を目的に相反性Ⅰa 抑制を応用した低周波鍼通電療法を行う場合、適切な治療穴の組合せはどれか。,消濼 ― 外関,曲沢 ― 内関,承筋 ― 承山,豊隆 ― 足三里,1
309,第30回,午後,問題 129,東洋医学臨床論,55 歳の男性。頸部の神経根症状により左肩関節外転筋力低下、左上腕二頭筋反射減弱、左上腕外側の知覚鈍麻がみられる。障害神経根の部位で最も適切なのはどれか。,C3 ‒ C4 間,C4 ‒ C5 間,C6 ‒ C7 間,C7 ‒ Th1 間,2
310,第30回,午後,問題 130,東洋医学臨床論,38 歳の女性。家事や子どもの世話が忙しく、最近になって手関節に痛みを感じるようになった。アイヒホッフテスト陽性。本症例に対する局所治療穴として最も適切なのはどれか。,内関,合谷,列欠,陽池,3
311,第30回,午後,問題 131,東洋医学臨床論,顎関節症患者に対して下顎骨の前方移動の作用がある筋を刺激する場合、最も適切なのはどれか。,下関,牽正,大迎,太陽,1
312,第30回,午後,問題 132,東洋医学臨床論,35 歳の女性。妊娠に伴い母指から中指にかけてしびれが出現し、母指と示指で輪を作ろうとすると楕円型になる。本症例で罹患神経に対する治療穴として最も適切なのはどれか。,小海,手五里,天井,内関,4
313,第30回,午後,問題 133,東洋医学臨床論,末梢性顔面神経麻痺で過誤再生による後遺症はどれか。,兎眼,ワニの涙,味覚脱失,聴覚過敏,2
314,第30回,午後,問題 134,東洋医学臨床論,頭部の神経痛と局所治療穴の組合せで正しいのはどれか。,三叉神経痛 ― 太陽,大後頭神経痛 ― 完骨,小後頭神経痛 ― 天柱,大耳介神経痛 ― 瘈脈,4
315,第30回,午後,問題 135,東洋医学臨床論,サルコペニアの症状はどれか。,知人の名前が思い出せなくなってきた。,油っこいものを食べることが減ってきた。,歩くスピードが遅くなってきた。,夜間のトイレの回数が多くなってきた。,3
316,第30回,午後,問題 136,東洋医学臨床論,65 歳の女性。1 年前から生活に充実感がなく、気持ちが沈む。倦怠感、食欲不振を伴う。幻覚や記憶障害はない。本症例で、鍼灸治療の効果を評価するのに最も適切なのはどれか。,改訂長谷川式簡易知能評価スケール,タイムドアップアンドゴーテスト,バーセル・インデックス,ハミルトン評価尺度,4
317,第30回,午後,問題 137,東洋医学臨床論,40 歳の女性。運動不足解消のためテニスを始めたところ、バックハンドストロークの際に肘の痛みを自覚するようになった。治療対象となる筋で最も適切なのはどれか。,短橈側手根伸筋,尺側手根屈筋,腕橈骨筋,円回内筋,1
318,第30回,午後,問題 138,東洋医学臨床論,スポーツ障害と罹患筋に対する治療穴の組合せで最も適切なのはどれか。,上腕二頭筋長頭腱炎 ― 肩髎,肩インピンジメント症候群 ― 肩外兪,ジャンパー膝 ― 鶴頂,シンスプリント ― 闌尾,3
319,第30回,午後,問題 139,東洋医学臨床論,膝関節の屈伸動作時に、ある組織が大腿骨外側上顆で繰り返し摩擦を生じる一種の使い過ぎ症候群である。この病態により生じたスポーツ外傷・障害に対する検査法はどれか。,エリーテスト,グラスピングテスト,マクマレーテスト,膝内反ストレステスト,2
320,第30回,午後,問題 140,東洋医学臨床論,17 歳の男子。陸上部で長距離走をしている。ランニングを開始すると下腿前方に痛みと腫れが出るが、数十分の安静で症状が消失する。前方コンパートメント症候群と言われた。罹患筋への局所治療穴として適切なのはどれか。,小腸の下合穴,膀胱の下合穴,三焦の下合穴,胆の下合穴,1
321,第30回,午後,問題 141,東洋医学臨床論,「寒気の浅いとき、皮膚をつまんで引っ張りこれを刺す。」次の文で示す刺法はどれか。,直鍼刺,斉刺,傍鍼刺,揚刺,1
322,第30回,午後,問題 142,東洋医学臨床論,43 歳の女性。主訴は膝の痛み。1 週間雨天が続き、症状が増悪している。昨日てんぷらを食べてから軟便である。舌は膩苔、脈は滑を認める。本病証に対する治療方針として最も適切なのはどれか。,逆気を降ろす。,血をめぐらせる。,気血を補う。,痰湿を除く。,4
323,第30回,午後,問題 143,東洋医学臨床論,32 歳の女性。主訴は眼精疲労。最近、月経血の量が少なく色も薄くなった。緊張すると手がふるえ、夜中にこむら返りが起こりやすい。舌は淡白、脈は細を認める。本病証として適切なのはどれか。,心血虚,腎精不足,脾不統血,肝血虚,4
324,第30回,午後,問題 144,東洋医学臨床論,27 歳の男性。主訴は便秘。暑がりでよく汗をかき、便は硬く乾燥している。腹部膨満、口臭、顔面紅潮を伴う。舌は紅、黄燥苔、脈は実を認める。本病証で随伴症状として最もみられるのはどれか。,脱肛,煩躁,口淡,小便清長,2
325,第30回,午後,問題 145,東洋医学臨床論,72 歳の男性。3 日前から急に腰が痛くなり、身体を反らすことができなくなった。陰囊の脹痛、胸満、遺尿もみられる。障害されている経脈を施術する場合、最も適切な治療穴はどれか。,霊道,陽谷,支溝,間使,4
326,第30回,午後,問題 146,東洋医学臨床論,22 歳の女性。主訴は月経痛。経血量は少なく、血塊が混じることがある。小腹部の冷痛と拒按がみられ、足が冷える。舌根に白厚苔、脈は沈遅を認める。本病証に対する治療方針で最も適切なのはどれか。,肝鬱を抑える。,寒邪を除く。,脾の統血を促す。,肝腎の精血を補う。,2
327,第30回,午後,問題 147,東洋医学臨床論,33 歳の男性。主訴は上腹部の不快感。連日、飲食の不摂生が続き、悪心、嘔吐がみられる。腹部膨満、噯気、口臭を伴う。舌は厚苔、脈は滑実を認める。本病証に対する治療穴で最も適切なのはどれか。,建里,梁門,帯脈,肓兪,2
328,第30回,午後,問題 148,東洋医学臨床論,58 歳の女性。昨夜から陰部掻痒感を自覚。最近イライラすることが多く、飲酒量が増えた。舌辺に黄厚膩苔、脈は左関上の浮数滑を認める。本病証で最も適切なのはどれか.,胃陰虚,胃熱,肝経湿熱,肝陽上亢,3
329,第30回,午後,問題 149,東洋医学臨床論,46 歳の女性。昨晩急なめまい発作があった。最近怒りっぽくなり、胸脇部の張り感がある。脈は弦を認める。本病証に対する治療穴で最も適切なのはどれか。,地機,中都,水泉,金門,2
330,第30回,午後,問題 150,東洋医学臨床論,65 歳の男性。2 日前に新型コロナワクチン接種を受けたところ、肩を外転すると強い痛みを自覚する。悪寒、発熱、頭痛はない。肩の屈曲、伸展痛もない。経脈を考慮した治療穴として適切なのはどれか。,魚際,天泉,液門,前谷,3
331,第30回,午後,問題 151,東洋医学臨床論,25 歳の男性。3 か月前から膨満感を伴う上腹部痛、嘔気が続く。症状はストレスで増悪、噯気で軽快する。下痢はない。舌は薄黄苔、脈は弦を認める。病証として最も適切なのはどれか。,肝胃不和,肝脾不和,脾腎陽虚,脾胃湿熱,1
332,第30回,午後,問題 152,東洋医学臨床論,25 歳の男性。3 か月前から膨満感を伴う上腹部痛、嘔気が続く。症状はストレスで増悪、噯気で軽快する。下痢はない。舌は薄黄苔、脈は弦を認める。上腹部痛の性質として最も適切なのはどれか。,酸痛,脹痛,重痛,隠痛,2
333,第30回,午後,問題 153,東洋医学臨床論,26 歳の女性。なで肩で痩せている。主訴は右上肢全体の持続的なだるさ。腱反射は正常、アドソンテストは陽性。進行した際の症状として最も適切なのはどれか。,レイノー現象,筋トーヌス亢進,筋線維束性れん縮,手指巧緻運動障害,1
334,第30回,午後,問題 154,東洋医学臨床論,26 歳の女性。なで肩で痩せている。主訴は右上肢全体の持続的なだるさ。腱反射は正常、アドソンテストは陽性。本症例の罹患筋への局所治療穴として適切なのはどれか。,屋翳,気戸,胸郷,天鼎,4
335,第30回,午後,問題 155,東洋医学臨床論,32 歳の女性。主訴は月経時の下腹部および腰の痛み。温めると改善し、月経血は暗紫色で血塊が混じる。機能性月経困難症と診断。最もみられる脈状はどれか。,浮緊,滑数,遅細,細無力,3
336,第30回,午後,問題 156,東洋医学臨床論,32 歳の女性。主訴は月経時の下腹部および腰の痛み。機能性月経困難症。デルマトームを考慮した治療を行う場合、最も適切な経穴はどれか。,膈兪,腎兪,足三里,三陰交,4
337,第30回,午後,問題 157,東洋医学臨床論,62 歳の女性。主訴は腰痛。立位で腰椎の前弯が強く、骨盤が前傾している。伸長し弱化している筋として最も適切なのはどれか。,大殿筋,大腰筋,大腿直筋,大腿筋膜張筋,1
338,第30回,午後,問題 158,東洋医学臨床論,62 歳の女性。主訴は腰痛。骨盤が前傾し、伸長・弱化している筋への局所治療穴として最も適切なのはどれか。,居髎,衝門,髀関,胞肓,4
339,第30回,午後,問題 159,東洋医学臨床論,60 歳の男性。主訴は足のむくみ。下痢しやすい。舌は胖嫩、歯痕、白厚膩苔、脈は滑を認める。水湿の運化失調を考えた場合、治療すべき臓腑はどれか。,脾,心,肝,膀胱,1
340,第30回,午後,問題 160,東洋医学臨床論,60 歳の男性。主訴は足のむくみ。舌は胖嫩、歯痕、白厚膩苔。本症例の治療穴として適切な部位はどれか。,尺側手根屈筋腱の橈側縁、手関節掌側横紋の上方1 寸,第1 中足骨底内側の遠位陥凹部、赤白肉際,脛骨内側面の中央、内果尖の上方5 寸,腓腹筋外側頭下縁とアキレス腱の間、崑崙の上方7 寸,2
341,第30回,午後,問題 161,はり理論,打鍼法で用いる鍼の鍼尖形状はどれか。,卵形,松葉形,ノゲ形,スリオロシ形,1
342,第30回,午後,問題 162,はり理論,刺鍼法と手技の組合せで正しいのはどれか。,撚鍼法 ― 示指打法,打鍼法 ― 気拍法,管鍼法 ― 内調術,小児鍼法 ― 火曳の鍼,3
343,第30回,午後,問題 163,はり理論,古代九鍼のうち三稜鍼のもとになったのはどれか。,鋒鍼,鈹鍼,大鍼,毫鍼,1
344,第30回,午後,問題 164,はり理論,徒手検査法が陽性の病態に、局所刺鍼が最も有効なのはどれか。,マクマレーテスト,トーマステスト,ラックマンテスト,ドロップアームテスト,4
345,第30回,午後,問題 165,はり理論,仰臥位による置鍼時に患者がくしゃみをした場合、最も折鍼が起こりやすい部位はどれか。,印堂,建里,天枢,中都,2
346,第30回,午後,問題 166,はり理論,低周波鍼通電療法の安全対策で正しいのはどれか。,電流は直流パルスを用いる。,鍼の材質はステンレスを用いる。,心臓を挟む形で電極を配置する。,通電装置の出力レベルは最大値から始める。,2
347,第30回,午後,問題 167,はり理論,鍼施術に関する衛生管理で正しいのはどれか。,小児鍼は洗浄して使用する。,手指の消毒にはベースン法を用いる。,滅菌済単回使用毫鍼を開封後にスワブ法で清拭する。,施術野の消毒には70 ％イソプロピルアルコールを用いる。,4
348,第30回,午後,問題 168,はり理論,鍼の刺入によりポリモーダル受容器の反応性を増大させるのはどれか。,血管作動性腸ペプチド,CGRP,サブスタンスP,プロスタグランジン,4
349,第30回,午後,問題 169,はり理論,延髄に投射する痛覚の伝導路はどれか。,後索路,脊髄網様体路,腹側脊髄視床路,外側脊髄視床路,2
350,第30回,午後,問題 170,はり理論,脊髄分節性鎮痛はどれか。,ゲートコントロール説,下行性疼痛抑制系,広汎性侵害抑制調節,末梢性オピオイド鎮痛,1
351,第30回,午後,問題 171,きゅう理論,艾の製造工程で使用する用具と用途の組合せで正しいのはどれか。,裁断機 ― 夾雑物をふるい落とす。,石臼 ― 葉脈を除去する。,けんどん ― 乾燥したヨモギを粉砕する。,唐箕 ― 毛茸の表面付着物を除去する。,2
352,第30回,午後,問題 172,きゅう理論,無痕灸で主に輻射熱を用いるのはどれか。,漆灸,塩灸,艾条灸,味噌灸,3
353,第30回,午後,問題 173,きゅう理論,施灸後に紅斑と痛みが出現した。該当する熱傷はどれか。,Ⅰ度,浅達性Ⅱ度,深達性Ⅱ度,Ⅲ度,1
354,第30回,午後,問題 174,きゅう理論,灸痕の化膿を防止する方法で誤っているのはどれか。,艾炷を小さくする。,同一点に施灸する。,水疱を掻破する。,痂皮を保護する。,3
355,第30回,午後,問題 175,きゅう理論,副腎皮質ホルモン剤を長期服用している患者への施灸方法で最も適しているのはどれか。,棒灸,焦灼灸,透熱灸,糸状灸,1
356,第30回,午後,問題 176,きゅう理論,施灸時の熱刺激を伝える一次求心性神経線維はどれか。,Ⅰa 群線維,Ⅰb 群線維,Ⅱ群線維,Ⅳ群線維,4
357,第30回,午後,問題 177,きゅう理論,熱刺激の伝導で一次求心性神経線維のシナプスがあるのはどれか。,胸髄核,薄束核,楔状束核,脊髄後角,4
358,第30回,午後,問題 178,きゅう理論,施灸時の組織傷害によって放出されるアラキドン酸代謝産物はどれか。,ロイコトリエン,セロトニン,CGRP,ヒスタミン,1
359,第30回,午後,問題 179,きゅう理論,透熱灸による局所炎症反応で最も早期の反応はどれか。,好中球の活性化,血管透過性の亢進,リンパ球の浸潤,マクロファージの活性化,2
360,第30回,午後,問題 180,きゅう理論,熱刺激時のアドレナリン増加を説明する根拠として適切なのはどれか。,圧自律神経反射,広汎性侵害抑制調節,交感神経-副腎髄質系,視床下部-下垂体-副腎皮質系,3
361,第31回,午前,問題 1,医療概論・法規・衛生,多職種連携によるチーム医療について望ましいのはどれか。,リーダーを特定の職種に固定する。,職種間で目的と情報を共有する。,他の職種の業務内容に立ち入らない。,患者・家族は参加しない。,2
362,第31回,午前,問題 2,医療概論・法規・衛生,人生の最終段階に実施する医療を示すのはどれか。,QOL,ターミナルケア,バイオエシックス,ノーマライゼーション,2
363,第31回,午前,問題 3,医療概論・法規・衛生,2017 年の被用者保険で加入者が最も多いのはどれか。,共済組合,船員保険,協会けんぽ,組合管掌健康保険,3
364,第31回,午前,問題 4,医療概論・法規・衛生,「医師は子どものことを思う親のように、患者は親に保護される子どものように行動する」と表現される医療従事者と患者の関係性はどれか。,パターナリズム,セカンドオピニオン,工学モデル,契約モデル,1
365,第31回,午前,問題 5,医療概論・法規・衛生,疾病予防の段階について、二次予防に分類されるのはどれか。,遺伝相談,感染経路対策,発がん物質対策,スクリーニング検査,4
366,第31回,午前,問題 6,医療概論・法規・衛生,上水道の水質基準で「検出されないこと」と決められているのはどれか。,大腸菌,水銀,ヒ素,総トリハロメタン,1
367,第31回,午前,問題 7,医療概論・法規・衛生,結核対策で早期発見を目的とするのはどれか。,結核登録,定期健康診断,定期予防接種,家庭訪問指導,2
368,第31回,午前,問題 8,医療概論・法規・衛生,我が国の国民の1 日平均歩数に関する公的統計を公表している調査はどれか。,国勢調査,人口動態調査,国民生活基礎調査,国民健康・栄養調査,4
369,第31回,午前,問題 9,医療概論・法規・衛生,特定健康診査・特定保健指導について正しいのはどれか。,健康増進法に基づいて実施される。,実施主体は医療保険者である。,75 歳以上が対象となる。,がん検診のことである。,2
370,第31回,午前,問題 10,医療概論・法規・衛生,人口動態統計で示される指標はどれか。,健康寿命,有訴者率,離婚件数,通院者数,3
371,第31回,午前,問題 11,医療概論・法規・衛生,あはき法で、施術者が本籍地の都道府県を変更したときにしなければならないのはどれか。,免許証の書換え交付申請,免許証の再交付申請,免許証の返納,名簿登録事項の訂正申請,4
372,第31回,午前,問題 12,医療概論・法規・衛生,あはき法で、施術者が都道府県知事に虚偽の報告をしたときの罰則はどれか。,免許の取消し,1 年以下の懲役,50 万円以下の罰金,30 万円以下の罰金,4
373,第31回,午前,問題 13,医療概論・法規・衛生,あはき法で、施術者の住所地の都道府県知事に届け出るよう定めているのはどれか。,施術所を開設したときの届出,区域外に滞在して業務を行う届出,専ら出張のみによる業務を開始したときの届出,休止していた施術所を再開したときの届出,3
374,第31回,午前,問題 14,解剖学,都道府県等に医療安全支援センターを設けるよう定めている法律はどれか。,医療法,健康増進法,地域保健法,医薬品医療機器等法,1
375,第31回,午前,問題 15,解剖学,細胞分裂時に消失するのはどれか。,核膜,染色体,中心体,ミトコンドリア,1
376,第31回,午前,問題 16,解剖学,胸郭について正しいのはどれか。,胸骨角は第2 肋骨と連結する。,頸切痕は胸骨体の上縁である。,仮肋は肋骨弓の構成に関与しない。,上大静脈は胸郭上口を通る。,1
377,第31回,午前,問題 17,解剖学,骨盤隔膜の主体をなすのはどれか。,内閉鎖筋,肛門挙筋,深会陰横筋,外肛門括約筋,2
378,第31回,午前,問題 18,解剖学,下腿の筋で腱が内果の後下方を通るのはどれか。,長腓骨筋,下腿三頭筋,後脛骨筋,長母指伸筋,3
379,第31回,午前,問題 19,解剖学,上大静脈に直接注ぐのはどれか。,奇静脈,椎骨静脈,内頸静脈,肋間静脈,1
380,第31回,午前,問題 20,解剖学,鼻腔について正しいのはどれか。,キーゼルバッハ部位は鼻中隔の前端部にある。,嗅上皮は鼻前庭にある。,上顎洞は下鼻道と交通する。,鼻涙管は中鼻道に開口する。,1
381,第31回,午前,問題 21,解剖学,胃について正しいのはどれか。,胃底部で幽門につながる。,幽門では括約筋が発達している。,主細胞から塩酸が分泌される。,大弯に小網が付着する。,2
382,第31回,午前,問題 22,解剖学,脳神経と神経節の組合せで正しいのはどれか。,眼神経 ― 毛様体神経節,下顎神経 ― 翼口蓋神経節,舌咽神経 ― 耳神経節,迷走神経 ― らせん神経節,3
383,第31回,午前,問題 23,解剖学,眼球について正しいのはどれか。,視神経乳頭では視覚の感度が高い。,錐体細胞は主に明暗の識別に働く。,眼房水はシュレム管に吸収される。,副交感神経は瞳孔散大筋を支配する。,3
384,第31回,午前,問題 24,解剖学,心臓の刺激伝導系について正しいのはどれか。,固有心筋からなる。,刺激は房室結節からヒス束へと伝わる。,房室結節は自動能をもたない。,プルキンエ線維の活動が心房を収縮させる。,2
385,第31回,午前,問題 25,解剖学,消化管からの吸収について正しいのはどれか。,グルコースは胃で吸収される。,モノグリセリドは小腸で吸収される。,アミノ酸は結腸で吸収される。,水分の約50 ％は直腸で吸収される。,2
386,第31回,午前,問題 26,生理学,内分泌器官と分泌されるホルモンの組合せで正しいのはどれか。,甲状腺 ― サイロキシン,膵臓 ― アドレナリン,副腎髄質 ― エストロゲン,卵巣 ― インスリン,1
387,第31回,午前,問題 27,生理学,脂質について正しいのはどれか。,コレステロールはコルチゾールの前駆物質である。,リン脂質はヘモグロビンの構成成分である。,中性脂肪は1 分子のグリセロールと2 分子の脂肪酸からなる。,脂肪酸の多くは水溶性物質である。,1
388,第31回,午前,問題 28,生理学,糸球体ろ過量を増加させるのはどれか。,腎血流量の低下,血中アルブミン濃度の上昇,糸球体血圧の上昇,尿管内圧の上昇,3
389,第31回,午前,問題 29,生理学,膝蓋腱反射について正しいのはどれか。,受容器は腱受容器である。,求心路はⅡ群線維である。,脊髄反射である。,多シナプス反射である。,3
390,第31回,午前,問題 30,生理学,筋原線維に含まれ、筋収縮に重要な蛋白質はどれか。,アルブミン,ペプシン,アクチン,グロブリン,3
391,第31回,午前,問題 31,生理学,免疫にかかわる細胞について正しいのはどれか。,単球は抗体を産生する。,好酸球はリンパ球に抗原を提示する。,好塩基球は形質細胞に分化する。,好中球は食作用をもつ。,4
392,第31回,午前,問題 32,生理学,日内リズムについて正しいのはどれか。,副腎皮質ホルモンの血中濃度は早朝が最も高い。,メラトニンの血中濃度は正午が最も高い。,血糖値は夕食前が最も高い。,直腸温は睡眠中が最も高い。,1
393,第31回,午前,問題 33,生理学,パーキンソン病の病因に関与するのはどれか。,コルチゾール,セロトニン,インスリン,ドパミン,4
394,第31回,午前,問題 34,生理学,梗塞について正しいのはどれか。,組織間質に過剰な水分が貯留した状態,動脈から過剰な血液が流れ込んだ状態,血管内で血液が凝固した状態,終末動脈が閉塞し、その支配組織に壊死が生じた状態,4
395,第31回,午前,問題 35,生理学,血栓症を生じやすい疾患はどれか。,肝硬変,糖尿病,再生不良性貧血,ビタミンC 欠乏症,2
396,第31回,午前,問題 36,生理学,肉芽腫性炎はどれか。,アレルギー性鼻炎,壊疽,肝膿瘍,サルコイドーシス,4
397,第31回,午前,問題 37,生理学,初感染における免疫応答で最初に血中で上昇するのはどれか。,IgA,IgE,IgG,IgM,4
398,第31回,午前,問題 38,病理学概論,2019 年の我が国におけるがん死亡統計で男性死亡数が最も多いのはどれか。,肺がん,肝臓がん,膵臓がん,大腸がん,1
399,第31回,午前,問題 39,病理学概論,排尿障害のうち蓄尿障害はどれか。,尿勢低下,尿線途絶,尿失禁,残尿感,3
400,第31回,午前,問題 40,病理学概論,心電図検査でST 低下の際に疑われるのはどれか。,狭心症,心房細動,心室粗動,洞不全症候群,1
401,第31回,午前,問題 41,病理学概論,デルマトームにおいて母指の分節はどれか。,C2,C4,C6,C8,3
402,第31回,午前,問題 42,病理学概論,涙腺と唾液腺を支配しているのはどれか。,三叉神経,顔面神経,舌咽神経,舌下神経,2
403,第31回,午前,問題 43,病理学概論,医療面接について正しいのはどれか。,患者が話したことは繰り返さない。,別居している家族の健康状態も聞く。,問診は特定の疾患を推定して始める。,医学用語を用いて説明する。,2
404,第31回,午前,問題 44,病理学概論,ショックの分類で、患者の皮膚が温かい場合に考えられるのはどれか。,心原性,閉塞性,血液量減少性,血液分布異常性,4
405,第31回,午前,問題 45,病理学概論,熱型と感染症の組合せで正しいのはどれか。,稽留熱 ― マラリア,弛張熱 ― 敗血症,周期熱 ― ホジキンリンパ腫,波状熱 ― 髄膜炎,2
406,第31回,午前,問題 46,臨床医学総論,中枢性めまいの特徴について正しいのはどれか。,持続時間が長い。,めまいの程度が強い。,回転性のことが多い。,耳鳴りを伴うことが多い。,1
407,第31回,午前,問題 47,臨床医学総論,膝関節の前十字靱帯損傷を確認する徒手検査法はどれか。,アプレイテスト,内反ストレステスト,マクマレーテスト,ラックマンテスト,4
408,第31回,午前,問題 48,臨床医学総論,心身症に含まれる疾患はどれか。,うつ病,統合失調症,パニック障害,過敏性腸症候群,4
409,第31回,午前,問題 49,臨床医学総論,アトピー性皮膚炎について正しいのはどれか。,主にⅡ型アレルギーが関与する。,四肢の伸側に好発する。,皮膚のバリア機能が亢進している。,スキンケアが重要である。,4
410,第31回,午前,問題 50,臨床医学総論,急性糸球体腎炎について正しいのはどれか。,予後は良好である。,高齢者に多い。,血清補体価は上昇する。,細菌尿がみられる。,1
411,第31回,午前,問題 51,臨床医学総論,神経性やせ症について正しいのはどれか。,中年に多い。,栄養吸収障害が原因である。,電解質異常は起こしにくい。,心理療法が有効である。,4
412,第31回,午前,問題 52,臨床医学総論,肘内障について正しいのはどれか。,肘に腫脹はない。,腕尺関節の脱臼である。,徒手整復は困難である。,反復性に移行しやすい。,1
413,第31回,午前,問題 53,臨床医学総論,細菌感染症はどれか。,デング熱,破傷風,日本脳炎,手足口病,2
414,第31回,午前,問題 54,臨床医学総論,細菌性腸炎の原因菌と食品の組合せで誤っているのはどれか。,サルモネラ属 ― ハチミツ,腸炎ビブリオ ― 生鮮魚介類,ブドウ球菌 ― にぎりめし,カンピロバクター ― 鶏肉,1
415,第31回,午前,問題 55,臨床医学総論,肺結核について正しいのはどれか。,主な感染経路は飛沫感染である。,抗結核薬は単剤で用いる。,結核と診断したら直ちに届け出る。,医療者はサージカルマスク着用が推奨される。,3
416,第31回,午前,問題 56,臨床医学総論,COPD について正しいのはどれか。,肺拡散能は正常である。,労作時の呼吸困難が特徴である。,発作時に気管支狭窄音を伴う。,肺機能検査では拘束性換気障害が特徴である。,2
417,第31回,午前,問題 57,臨床医学総論,肺癌患者にみられる所見と浸潤部位の組合せで正しいのはどれか。,縮瞳 ― 上大静脈,顔面浮腫 ― 交感神経,嗄声 ― 反回神経,腰痛 ― 横隔神経,3
418,第31回,午前,問題 58,臨床医学総論,胸膜中皮腫と関連するのはどれか。,塩蔵食品,アスベスト,アセトアルデヒド,ジクロロプロパン,2
419,第31回,午前,問題 59,臨床医学総論,右心不全によくみられる身体所見はどれか。,肺うっ血,頻呼吸,下肢の浮腫,四肢チアノーゼ,3
420,第31回,午前,問題 60,臨床医学総論,ネフローゼ症候群の診断基準に含まれるのはどれか。,排尿痛,高LDL コレステロール血症,尿糖,高蛋白血症,2
421,第31回,午前,問題 61,臨床医学各論,鉄欠乏性貧血について正しいのはどれか。,葉酸の欠乏が原因となる。,血清フェリチンは増加する。,小球性貧血がみられる。,骨髄は低形成である。,3
422,第31回,午前,問題 62,臨床医学各論,アルツハイマー病の症状で正しいのはどれか。,まだら認知症,物盗られ妄想,はぐらかし対応,パーキンソン症状,2
423,第31回,午前,問題 63,臨床医学各論,HbA1c が反映する血糖値の期間はどれか。,1 ～ 2 日間,1 ～ 2 週間,1 ～ 2 か月間,1 ～ 2 年間,3
424,第31回,午前,問題 64,臨床医学各論,甲状腺機能低下症の症状で正しいのはどれか。,頻脈,手指振戦,体重増加,発汗過多,3
425,第31回,午前,問題 65,臨床医学各論,骨粗鬆症患者で最も骨折が起こりにくい部位はどれか。,橈骨遠位部,腰椎椎体,大腿骨近位部,踵骨体部,4
426,第31回,午前,問題 66,臨床医学各論,中殿筋機能が低下して起こるのはどれか。,アリス徴候,クリック徴候,ドレーマン徴候,トレンデレンブルグ徴候,4
427,第31回,午前,問題 67,臨床医学各論,成人の気管支喘息について正しいのはどれか。,拘束性換気障害をきたす。,発作は昼間に起こりやすい。,血液検査では好塩基球が増加する。,吸入ステロイド薬が治療の中心である。,4
428,第31回,午前,問題 68,臨床医学各論,労作性狭心症と急性心筋梗塞で、最も違いが明確なのはどれか。,胸痛の持続時間,呼吸困難の程度,放散痛の部位,症状出現の時刻,1
429,第31回,午前,問題 69,臨床医学各論,疾患と症状の組合せで正しいのはどれか。,過敏性腸症候群 ― 血便,急性胆囊炎 ― 左季肋部痛,慢性膵炎 ― 便秘,肝硬変 ― 女性化乳房,4
430,第31回,午前,問題 70,臨床医学各論,かぜ症候群について正しいのはみてどれか。,ほとんどがウイルス感染である。,初期から呼吸音に異常がみられる。,主な感染経路は空気感染である。,抗菌薬を主に用いる。,1
431,第31回,午前,問題 71,臨床医学各論,リハビリテーションに重点が置かれている施設はどれか。,ケアハウス,グループホーム,介護老人保健施設,特別養護老人ホーム,3
432,第31回,午前,問題 72,臨床医学各論,回復期リハビリテーション病棟で医療チームの主な構成メンバーとなるのはどれか。,保健師,ケアマネジャー,柔道整復師,医療ソーシャルワーカー,4
433,第31回,午前,問題 73,臨床医学各論,FIM の運動項目のうちセルフケアに該当するのはどれか。,整容,排便管理,書字,料理,1
434,第31回,午前,問題 74,臨床医学各論,リハビリテーション治療に携わる職種と内容の組合せで正しいのはどれか。,理学療法士 ― 嚥下訓練,作業療法士 ― 利き手交換訓練,義肢装具士 ― 義足での歩行訓練,看護師 ― 食事用自助具の作製,2
435,第31回,午前,問題 75,臨床医学各論,肩関節の回旋運動について正しいのはどれか。,大胸筋は外旋に働く。,小円筋は内旋に働く。,肩甲下筋は内旋に働く。,棘下筋は内旋に働く。,3
436,第31回,午前,問題 76,臨床医学各論,脳卒中に対するブルンストロームステージで「共同運動がわずかに出現し、痙縮が出始める段階」はどれか。,ステージⅠ,ステージⅡ,ステージⅣ,ステージⅥ,2
437,第31回,午前,問題 77,臨床医学各論,第5 頸髄節残存の頸髄損傷患者に可能な動作はどれか。,肩関節外転,肘関節伸展,手関節背屈,手指屈曲,1
438,第31回,午前,問題 78,臨床医学各論,幻肢について正しいのはどれか。,幻肢痛は心理的な要因も関連している。,幻肢痛は消炎鎮痛剤の投与で改善する。,幻肢は時間経過とともにその範囲が広がる。,幻肢の頻度は上肢切断に比べて下肢切断で高い。,1
439,第31回,午前,問題 79,臨床医学各論,痙直型脳性麻痺児の特徴的な下肢変形はどれか。,股関節外転,股関節伸展,足関節底屈,足関節背屈,3
440,第31回,午前,問題 80,臨床医学各論,疾患と換気障害の組合せで正しいのはどれか。,気管支喘息 ― 拘束性換気障害,肺線維症 ― 拘束性換気障害,高位頸髄損傷 ― 閉塞性換気障害,筋ジストロフィー ― 閉塞性換気障害,2
441,第31回,午前,問題 81,臨床医学各論,関節リウマチによる関節変形の組合せで正しいのはどれか。,手関節 ― 背側脱臼,膝 ― 反張膝,足部 ― 内反足,頸椎 ― 環軸関節亜脱臼,4
442,第31回,午前,問題 82,臨床医学各論,パーキンソン病において、立ち直り反射の障害やバランスの不安定性がある場合のリハ訓練で適切なのはどれか。,呼吸訓練,線またぎ訓練,体位変換,自助具の導入,2
443,第31回,午前,問題 83,リハビリテーション医学,68 歳の女性。右利き。右片麻痺を生じ、左中大脳動脈領域の脳梗塞と診断された。本患者の症状で最もみられるのはどれか。,失調症,失語症,左半側空間無視,注意障害,2
444,第31回,午前,問題 84,リハビリテーション医学,68 歳の女性。左中大脳動脈領域の脳梗塞による重度の右片麻痺。ADL 訓練として最も適切なのはどれか。,箸を使った食事動作,両上肢での更衣,両手での洗顔,利き手交換,4
445,第31回,午前,問題 85,リハビリテーション医学,56 歳の男性。右肩甲部や右上腕外側の痛み、右前腕〜右手橈側のしびれ。最も陽性になりやすいのはどれか。,ペインフルアークサイン,スパーリングテスト,トムゼンテスト,ファレンテスト,2
446,第31回,午前,問題 86,リハビリテーション医学,56 歳の男性。頸椎神経根症が疑われる場合。装具療法を行う場合に最も適切なのはどれか。,頸椎装具,肩関節外転装具,テニス肘バンド,手関節背屈装具,1
447,第31回,午前,問題 87,リハビリテーション医学,52 歳の男性。3 週間前からの倦怠感、微熱、鼻血、歯茎の出血、皮下出血斑。最も考えられる疾患はどれか。,急性白血病,悪性貧血,溶血性貧血,血友病,1
448,第31回,午前,問題 88,リハビリテーション医学,52 歳の男性。倦怠感、出血傾向。急性白血病を疑う際の診断に必要な血液検査項目で最も適切なのはどれか。,葉酸,血液像,第Ⅷ凝固因子,ビリルビン,2
449,第31回,午前,問題 89,リハビリテーション医学,72 歳の女性。頻尿と尿意切迫感。尿検査異常なし。残尿なし。考えられる疾患はどれか。,急性膀胱炎,腎盂腎炎,過活動膀胱,腎結石,3
450,第31回,午前,問題 90,リハビリテーション医学,72 歳の女性。過活動膀胱が疑われる症例。生活指導について適切なのはどれか。,坐位時間を長くする。,骨盤底筋訓練を行う。,水分摂取を控える。,尿意を感じたらすぐに排尿する。,2
451,第31回,午後,問題 91,東洋医学概論,五行色体における五臓と五労の組合せで誤っているのはどれか。,肝 ― 久視,脾 ― 久坐,肺 ― 久臥,腎 ― 久立,1
452,第31回,午後,問題 92,東洋医学概論,成長や生殖活動を行うもととなる基本的な物質の生理作用で最も適切なのはどれか。,神を維持する。,血脈を満たす。,呼吸を推動する。,体温を一定に保つ。,1
453,第31回,午後,問題 93,東洋医学概論,三焦を通って臓腑の気に繋がるのはどれか。,宗気,衛気,営気,原気,4
454,第31回,午後,問題 94,東洋医学概論,条達作用をもつ臓腑の作用はどれか。,気血の源,水穀の海,水の上源,陰陽の根本,4
455,第31回,午後,問題 95,東洋医学概論,肺が外邪の侵襲を防ぎ、臓腑を保護することを示すのはどれか。,嬌臓,華蓋,粛降,宣発,2
456,第31回,午後,問題 96,東洋医学概論,降濁作用の補助を受けている作用はどれか。,伝化,疏泄,粛降,化物,3
457,第31回,午後,問題 97,東洋医学概論,経脈病証で、喉に症状があり、外側前腕皮神経の支配領域に痛みがあるのはどれか。,手の少陰経,手の少陽経,手の陽明経,手の太陽経,3
458,第31回,午後,問題 98,東洋医学概論,六淫で生風を特徴とするのはどれか。,風邪,暑邪,燥邪,火邪,4
459,第31回,午後,問題 99,東洋医学概論,内因において、気を緩ませる感情が過度に生じることでみられる症状はどれか。,失禁,動悸,食欲不振,声のかすれ,2
460,第31回,午後,問題 100,東洋医学概論,湯液療法について正しいのはどれか。,鉱物を用いる。,副作用がない。,証をたてる必要はない。,多くは単味で用いる。,1
461,第31回,午後,問題 101,東洋医学概論,五心煩熱や盗汗がみられるのはどれか。,肝脾不和,心肝火旺,心脾両虚,心腎不交,4
462,第31回,午後,問題 102,経絡経穴概論,65 歳の男性。2 週間前から腰痛、前かがみや仰向け不可。下腹部痛、季肋部腫、喉の渇き、下痢。本症例の経脈病証はどれか。,足の太陰経,足の厥陰経,足の陽明経,足の少陽経,2
463,第31回,午後,問題 103,経絡経穴概論,汗と脈状の組合せで正しいのはどれか。,無汗 ― 緊脈,戦汗 ― 結脈,大汗 ― 滑脈,手足心汗 ― 細脈,1
464,第31回,午後,問題 104,経絡経穴概論,44 歳の女性。頭痛。転職による人間関係の悩み。刺すような痛み、顔のシミ。腹診所見はどれか。,腹裏拘急,心下痞硬,小腹不仁,少腹急結,4
465,第31回,午後,問題 105,経絡経穴概論,六部定位脈診で左手関上の沈の部が実しているに基づく治療穴はどれか。,少府,経渠,陰谷,陽輔,4
466,第31回,午後,問題 106,経絡経穴概論,48 歳の男性。感染症退院後の乾いた咳嗽、手足のほてり、頰の紅。病理として正しいのはどれか。,肺気の不足,風寒の侵襲,陰液の損傷,痰湿の停留,3
467,第31回,午後,問題 107,経絡経穴概論,胸中で接続する経脈の井穴の組合せで正しいのはどれか。,商陽 ― 厲兌,隠白 ― 少衝,少沢 ― 至陰,湧泉 ― 中衝,2
468,第31回,午後,問題 108,経絡経穴概論,経絡の概要について正しいのはどれか。,十二経筋は四肢末端から始まる。,奇経八脈は奇経同士が表裏関係にある。,十二経別は正経とは合しない経脈である。,正経十二経脈は上焦から始まる。,1
469,第31回,午後,問題 109,経絡経穴概論,奇経で子宮から起こるのはどれか。,陽蹻脈,陽維脈,任脈,帯脈,3
470,第31回,午後,問題 110,経絡経穴概論,腧穴の概要について正しいのはどれか。,WHO/WPRO で経穴が365 穴となる。,奇穴は奇経に所属する。,新穴は奇穴に含まれる。,阿是穴は部位が定まっている。,3
471,第31回,午後,問題 111,経絡経穴概論,手の三陽経、足の三陽経が交わる交会穴はどれか。,百会,大椎,陽交,三陽絡,2
472,第31回,午後,問題 112,経絡経穴概論,骨度で左右の乳様突起の間と同じ長さなのはどれか。,外果尖の高さから承山,膝蓋骨尖の高さから漏谷,肘窩横紋から内関,手関節背側横紋から四瀆,4
473,第31回,午後,問題 113,経絡経穴概論,腹部において、腎経、胃経ともに同じ高さに経穴がないのはどれか。,臍中央の上方7 寸,臍中央の上方3 寸,臍中央の上方1 寸,臍中央の下方4 寸,1
474,第31回,午後,問題 114,経絡経穴概論,督脈の経穴がある部位はどれか。,第2 胸椎棘突起下方の陥凹部,第4 胸椎棘突起下方の陥凹部,第6 胸椎棘突起下方の陥凹部,第8 胸椎棘突起下方の陥凹部,3
475,第31回,午後,問題 115,経絡経穴概論,顖会について正しいのはどれか。,所属する経脈の21 番目の経穴である。,小児では小泉門部にあたる。,眼神経の支配領域にある。,目窓と横に並ぶ。,3
476,第31回,午後,問題 116,経絡経穴概論,経穴の部位で正しいのはどれか。,青霊は、上腕二頭筋長頭と短頭の間、腋窩横紋前端の下方2 寸にある。,消濼は、肘頭と肩峰角を結ぶ線上、肘頭の上方5 寸にある。,侠白は、上腕二頭筋外側縁、腋窩横紋前端の下方3 寸にある。,手五里は、肘窩横紋外端の上方7 寸にある。,2
477,第31回,午後,問題 117,経絡経穴概論,取穴部位が後頸三角の領域にあるのはどれか。,人迎,天窓,天容,扶突,2
478,第31回,午後,問題 118,経絡経穴概論,同じ高さに並ぶ経穴はどれか。,膏肓と心兪,肓門と胃兪,胞肓と膀胱兪,秩辺と中膂兪,3
479,第31回,午後,問題 119,経絡経穴概論,鎖骨下縁に取るのはどれか。,欠盆,中府,天突,兪府,4
480,第31回,午後,問題 120,経絡経穴概論,橈側手根屈筋腱の橈側に位置する経穴はどれか。,列欠,霊道,内関,支正,1
481,第31回,午後,問題 121,東洋医学臨床論,深刺すると、前鋸筋と肋間筋を貫き肺を損傷するのはどれか。,輒筋,膺窓,期門,胸郷,2
482,第31回,午後,問題 122,東洋医学臨床論,足の太陰経にある経金穴の部位はどれか。,足関節後内側、内果尖とアキレス腱の間の陥凹部,足内側、内果の前下方、舟状骨粗面と内果尖の中央陥凹部,足関節前外側、長指伸筋腱外側の陥凹部、外果尖の前下方,足関節前面中央の陥凹部、長母指伸筋腱と長指伸筋腱の間,2
483,第31回,午後,問題 123,東洋医学臨床論,五要穴について正しいのはどれか。,同じ高さで並ぶ兪穴がある。,手関節横紋上には6 穴の原穴がある。,前腕の外側と内側で対応する絡穴がある。,募穴のうち4 穴は自経にある。,1
484,第31回,午後,問題 124,東洋医学臨床論,組合せで用いる経穴で八会穴を含まないのはどれか。,脚気八処の穴,小児斜差の灸,中風七穴,六つ灸,2
485,第31回,午後,問題 125,東洋医学臨床論,肓門穴の外方5 分にある奇穴の主治はどれか。,喘息,動悸,痞塊,痔疾,3
486,第31回,午後,問題 126,東洋医学臨床論,奇穴とその部位の組合せで正しいのはどれか。,魚腰 眉間中央陥凹部,接脊 第11 胸椎棘突起下方の陥凹部,十宣 各中手指節関節の間の背側,胆嚢点 陽陵泉の下約1 寸,4
487,第31回,午後,問題 127,東洋医学臨床論,医療面接の態度について最も適切なのはどれか。,患者の正面に座る。,患者の話を共感的に聴く。,導入は閉ざされた質問から行う。,アドヒアランスよりコンプライアンスを目指す。,2
488,第31回,午後,問題 128,東洋医学臨床論,腰椎前弯の増強を改善する目的で行う体操はどれか。,コッドマン体操,バージャー体操,フレンケル体操,ウィリアムス体操,4
489,第31回,午後,問題 129,東洋医学臨床論,左手中指のしびれを訴える患者に第6 ・第7 頸椎棘突起間の左外方に刺鍼し症状が改善した。本症例の検査所見として最も適切なのはどれか。,ファレンテスト陽性,上腕三頭筋反射減弱,中指伸展テスト陽性,エデンテスト陽性,2
490,第31回,午後,問題 130,東洋医学臨床論,次の文で示す症例で障害神経根として最も適切なのはどれか。「45 歳の男性。荷物の搬送中に腰に激痛が走り、右下肢に痛みが生じている。近医にて腰椎椎間板ヘルニアと診断された。しゃがんだ状態から立ち上がる際に右膝の力が入らない。」,L4,L5,S1,S2,1
491,第31回,午後,問題 131,東洋医学臨床論,上後腸骨棘と大転子近位端を結んだ線の中点から垂直下方に1 ～ 2 横指下がったところを局所刺鍼点とすべき疾患で、陽性となる徒手検査法として最も適切なのはどれか。,エリーテスト,パトリックテスト,フライバーグテスト,ボンネットテスト,4
492,第31回,午後,問題 132,東洋医学臨床論,アレルギー性鼻炎について正しいのはどれか。,他のアレルギー疾患は随伴しない。,粘液性の鼻汁がみられる。,片側性鼻閉が主となる。,鼻腔内の痒みを認めることが多い。,4
493,第31回,午後,問題 133,東洋医学臨床論,末梢神経麻痺における罹患神経と麻痺筋の組合せで正しいのはどれか。,橈骨神経 円回内筋,正中神経 母指内転筋,尺骨神経 掌側骨間筋,肩甲上神経 僧帽筋,3
494,第31回,午後,問題 134,東洋医学臨床論,糖尿病性末梢神経障害に特徴的な所見はどれか。,両側内果の振動覚低下,宙吊り型の解離性感覚障害,下肢から上行性に広がる弛緩性麻痺,しびれより筋力低下が顕著な上肢の神経障害,1
495,第31回,午後,問題 135,東洋医学臨床論,次の文で示す症例で将来起こりうる徴候はどれか。「生後6 か月の乳児。仰臥位で寝かせたときに右の大腿皮膚溝が左と比べて数が多く、深く、長い。右股関節の開排制限もある。」,アリス徴候,ガワーズ徴候,レルミット徴候,ロンベルグ徴候,1
496,第31回,午後,問題 136,東洋医学臨床論,次の文で示す症例で最も適切な所見はどれか。「40 歳の女性。半年前から回転性のめまい発作に苦しむ。耳鳴り、難聴、耳閉塞感が生じる。悪心・嘔吐を伴うこともある。カロリックテスト陰性。」,失調性歩行がみられる。,難聴は感音性である。,グリセロール検査は陰性である。,特定の頭位でめまい発作が生じる。,2
497,第31回,午後,問題 137,東洋医学臨床論,高齢者に対する評価法とその内容の組合せで最も適切なのはどれか。,タイムドアップアンドゴーテスト 主観的QOL,ファンクショナルリーチテスト ADL,バーセル・インデックス 立位動的バランスの状態,ロコモ度テスト 年齢相応の移動能力,4
498,第31回,午後,問題 138,東洋医学臨床論,次の文で示す症例で考えられる疾患はどれか。「65 歳の女性。軽度の肥満。主訴は膝痛。膝の内側が動作開始時や疲労時に痛む。膝のロッキングはみられない。」,腸脛靱帯炎,内側滑膜ひだ障害,変形性膝関節症,膝蓋靱帯炎,3
499,第31回,午後,問題 139,東洋医学臨床論,次の文で示す症例で障害筋への局所治療穴として最も適切なのはどれか。「53 歳の男性。最近、長時間歩くと、足がつる。今朝は、ウォーキング中に母指が屈曲する筋けいれんとともに下腿後面の深部に鈍痛が生じたが、しばらく休むと軽快した。」,飛揚,膝関,合陽,外丘,3
500,第31回,午後,問題 140,東洋医学臨床論,詐病が疑われる腰痛患者に対して、坐位で膝を他動的に伸展させるのはどれか。,ケンプ徴候,サギング徴候,フリップ徴候,ブラガードテスト,3
501,第31回,午後,問題 141,東洋医学臨床論,こめかみがズキズキする頭痛に対して九刺の遠道刺を用いて治療する場合、最も適切な経穴はどれか。,頷厭,太陽,合谷,陽陵泉,4
502,第31回,午後,問題 142,東洋医学臨床論,命門火衰により冷えを訴える患者に対し、臓腑を考慮して施灸する場合、最も適切な経穴はどれか。,太淵,神門,太渓,衝陽,3
503,第31回,午後,問題 143,東洋医学臨床論,次の文で示す病証が進行した場合、みられやすい症状はどれか。「39 歳の女性。主訴は眼精疲労。長時間のデスクワークで目がかすむ。日頃から眠りが浅く、爪の血色が悪い。舌苔は薄白、脈は細数を帯びてきた。」,消渇,盗汗,厭食,譫語,2
504,第31回,午後,問題 144,東洋医学臨床論,次の文で示す病証で最も適切なのはどれか。「31 歳の男性。主訴は悪心・嘔吐。業務の繁忙とともに食欲がなくなり、上腹部の膨満感、胸脇部の脹痛を自覚するようになった。精神的な緊張によって噯気が頻回に起こる。脈は弦を認める。」,気虚証,気陥証,気脱証,気逆証,4
505,第31回,午後,問題 145,東洋医学臨床論,次の文で示す病証に対する治療方針として最も適切なのはどれか。「49 歳の男性。主訴は食欲不振。空腹感はあるが多くは食べられない。胃脘部に我慢できる程度のはっきりしない痛みがある。舌質は紅を認める。」,陰液を補う。,陽気を補う。,気滞を除く。,湿熱を除く。,1
506,第31回,午後,問題 146,東洋医学臨床論,次の文で示す臓腑病証に対し、その滎穴に迎随の補瀉に基づき斜刺する場合、鍼尖の方向にある経穴として適切なのはどれか。「30 歳の男性。3 日前に愛車に落書きをされて怒りが収まらず、顔面の痛みとのぼせも出てきた。夜も眠れず目が赤い。舌質は紅、脈は弦数を認める。」,蠡溝,膝関,承山,条口,1
507,第31回,午後,問題 147,東洋医学臨床論,次の文で示す病証でみられる痛みの性質はどれか。「53 歳の男性。主訴は肩関節痛。過労により食欲減退が続き、倦怠感とともに肩が痛みだした。痛みは慢性に経過し、息切れ、自汗を伴う。舌質は淡、舌苔は薄白、脈は細弱を認める。」,隠痛,刺痛,脹痛,重痛,1
508,第31回,午後,問題 148,東洋医学臨床論,膀胱湿熱でみられるのはどれか。,遺尿,癃閉,余瀝,小便自利,2
509,第31回,午後,問題 149,東洋医学臨床論,次の文で示す病証を八脈交会穴を用いて治療する場合、取穴部位として正しいのはどれか。「帯下があり、腹部の皮膚のかゆみ、下腿前側のひきつりがみられる。」,足背、第4 ・第5 中足骨底接合部の遠位,足外側、外果尖の直下,足内側、内果尖の下方1 寸,足内側、第1 中足骨底内側の遠位陥凹部,1
510,第31回,午後,問題 150,東洋医学臨床論,次の文で示す病証の治療方針として最も適切なのはどれか。「47 歳の女性。最近よく口渇を感じるが、水分は口を潤す程度で少量しか飲めない。手足の皮膚が甲錯肌になってきた。舌質は紫暗、脈は渋を認める。」,風邪を除く。,瘀血を除く。,痰湿を除く。,気滞を除く。,2
511,第31回,午後,問題 151,東洋医学臨床論,47 歳の女性。頭痛が続き、いらだちがある。耳鳴りもあり受診した。口苦があり、睡眠が浅い。昨年に閉経。舌は紅、脈は弦数、腹は胸脇苦満を認める。内分泌検査で血中濃度が基準値より高いのはどれか。,バソプレシン,ゴナドトロピン,エストラジオール,プロスタグランジン,2
512,第31回,午後,問題 152,東洋医学臨床論,47 歳の女性。頭痛、いらだち、耳鳴り。口苦、不眠。閉経後。舌紅、脈弦数、胸脇苦満。病証として最も適切なのはどれか。,腎気虚,心脾両虚,心腎不交,肝火亢進,4
513,第31回,午後,問題 153,東洋医学臨床論,40 歳の男性。右腰下肢が痛み、右足部外側にしびれがある。アキレス腱反射減弱、下肢伸展挙上テスト陽性。施術対象となる神経根として最も適切なのはどれか。,L3,L4,L5,S1,4
514,第31回,午後,問題 154,東洋医学臨床論,40 歳の男性。右腰下肢痛、右足部外側しびれ、アキレス腱反射減弱。筋力が最も低下する筋はどれか。,中殿筋,前脛骨筋,大腿四頭筋,長母指屈筋,4
515,第31回,午後,問題 155,東洋医学臨床論,47 歳の女性。主訴は左顔面の麻痺。2 週間前に腹痛、下腿前面の痛みとともに発症。現在は下腿内側の重だるさ、軟便を伴う。原絡表裏配穴法で主証に対応する経穴の部位にあるのはどれか。,足背動脈,後脛骨動脈,母指外転筋腱,前脛骨筋腱,4
516,第31回,午後,問題 156,東洋医学臨床論,47 歳の女性。左顔面麻痺。発症から4 か月後、病的共同運動が出現した。両筋に対して30 mm のステンレス鍼で鍼通電療法を行う場合、最も適切なのはどれか。,20 号鍼を用いる。,鍼体はすべて刺入する。,周波数は1 Hz とする。,両筋が同期的リズムで収縮するように通電する。,3
517,第31回,午後,問題 157,東洋医学臨床論,18 歳の女性。新体操の選手で毎日の激しい練習と無理なダイエットをしていたら月経が止まった。運動性無月経と言われた。同じ原因で起こる合併症として最も考えられるのはどれか。,子宮筋腫,骨粗鬆症,円形脱毛症,過敏性腸症候群,2
518,第31回,午後,問題 158,東洋医学臨床論,18 歳の女性。運動性無月経。無月経に対し、胞宮から起こる経脈に治療する場合、最も適切な奇経はどれか。,衝脈,帯脈,陰維脈,陰蹻脈,1
519,第31回,午後,問題 159,東洋医学臨床論,40 歳の女性。パソコン作業が多く、午後から締め付けられるような両側性の頭痛を発症する。非拍動性で悪心・嘔吐はない。飲酒で増悪しない。考えられる疾患はどれか。,片頭痛,群発頭痛,緊張型頭痛,三叉神経・自律神経性頭痛,3
520,第31回,午後,問題 160,東洋医学臨床論,40 歳の女性。緊張型頭痛が疑われる症例。生活指導で最も適切なのはどれか。,入浴はシャワーのみで済ませる。,枕の高さは今よりも高くする。,後頸部をホットタオルで温める。,パソコン作業では同一姿勢を維持する。,3
521,第31回,午後,問題 161,はり理論,2 寸5 番鍼を使用し、皮膚面に対し直刺で鍼体長の半分まで刺入したときの深度はどれか。,20 mm,25 mm,30 mm,35 mm,3
522,第31回,午後,問題 162,はり理論,松葉形の鍼尖形状について正しいのはどれか。,スリオロシ形と柳葉形の中間,ノゲ形と卵形の中間,卵形とスリオロシ形の中間,柳葉形とノゲ形の中間,4
523,第31回,午後,問題 163,はり理論,機械刺激と温熱刺激を同時に与える特殊鍼法はどれか。,小児鍼法,灸頭鍼法,皮内鍼法,鍼通電療法,2
524,第31回,午後,問題 164,はり理論,クリーン・ニードル・テクニックの説明として最も適切なのはどれか。,手指を逆性石けんで入念に洗浄する。,刺鍼局所をアルコール綿で清拭消毒する。,鍼体に直接触れずに一連の刺鍼操作を行う。,使用後のアルコール綿を感染性廃棄物として取り扱う。,3
525,第31回,午後,問題 165,はり理論,主にC 線維終末にある皮膚の受容器はどれか。,パチニ小体,マイスナー小体,高閾値機械受容器,ポリモーダル受容器,4
526,第31回,午後,問題 166,はり理論,痛みの識別に関与する中枢内伝導路はどれか。,後索路,新脊髄視床路,前脊髄視床路,脊髄網様体路,2
527,第31回,午後,問題 167,はり理論,四肢や体幹からの痛覚情報を伝える三次ニューロンが局在するのはどれか。,赤核,尾状核,レンズ核,視床後外側腹側核,4
528,第31回,午後,問題 168,はり理論,刺鍼により起こる軸索反射について正しいのはどれか。,血漿が漏出する。,内因性オピオイドが関与する。,単シナプス反射によって生じる。,広作動域ニューロンが関与する。,1
529,第31回,午後,問題 169,はり理論,広汎性侵害抑制調節の特徴について正しいのはどれか。,Ⅱ群線維の興奮で作動する。,効果発現に時間がかかる。,全身性に効果が出現する。,下行性ニューロンが脊髄前角細胞を抑制する。,3
530,第31回,午後,問題 170,はり理論,ストレス刺激による交感神経活動亢進反応はどれか。,深部体温上昇,気管支収縮,心拍数減少,血糖値低下,1
531,第31回,午後,問題 171,きゅう理論,艾の製造工程で艾葉から毛茸を剝離するのに用いるのはどれか。,裁断機,石臼,けんどん,唐箕,2
532,第31回,午後,問題 172,きゅう理論,施灸に用いる線香について誤っているのはどれか。,原料にはタブ粉を用いる。,生産量が最も多いのは兵庫県である。,湿気を含むと折れにくい。,途中で消えないものが望ましい。,3
533,第31回,午後,問題 173,きゅう理論,知熱灸について誤っているのはどれか。,無痕灸の一つである。,患者が熱さを感じたら取り除く。,虚弱者にも適応となる。,施灸部にⅡ度熱傷が生じる。,4
534,第31回,午後,問題 174,きゅう理論,灸あたりの予防として最も適切なのはどれか。,艾炷のひねりを硬くする。,艾炷の底面を広くする。,刺激量の少ない灸法を選択する。,施灸後の皮膚消毒を念入りに行う。,3
535,第31回,午後,問題 175,きゅう理論,痛みを伴う熱刺激を伝導するのはどれか。,Aα線維,Aβ線維,Aγ線維,Aδ線維,4
536,第31回,午後,問題 176,きゅう理論,灸による温熱刺激の受容・伝導について正しいのはどれか。,カプサイシン受容体が応答する。,Ⅱ群線維によって伝導される。,温度感覚は順応が起こりにくい。,熱痛情報は脊髄後索を上行する。,1
537,第31回,午後,問題 177,きゅう理論,血管に対し収縮性に作用する物質はどれか。,NO,CGRP,アデノシン,ノルアドレナリン,4
538,第31回,午後,問題 178,きゅう理論,施灸刺激の早期より肥満細胞から放出されるのはどれか。,IgE,補体,ヒスタミン,アドレナリン,3
539,第31回,午後,問題 179,きゅう理論,灸療法の治療的作用において、細網内皮系の機能亢進に関与するのはどれか。,調整作用,鎮痛作用,転調作用,防衛作用,4
540,第31回,午後,問題 180,きゅう理論,施灸施術による局所炎症反応に最も関与するのはどれか。,ルフィニ終末興奮,Ⅰb 線維興奮,インターロイキン6 産生,カプサイシン産生,3
541,第32回,午前,問題 1,医療概論・法規・衛生,医療法において、地域の医療従事者の研修実施が規定されているのはどれか。,介護老人保健施設,地域医療支援病院,特定機能病院,臨床研究中核病院,2
542,第32回,午前,問題 2,医療概論・法規・衛生,難病に対する公費負担医療に期待される役割として最も適切なのはどれか。,国家賠償,公衆衛生,社会福祉,研究推進,4
543,第32回,午前,問題 3,医療概論・法規・衛生,チーム医療を推進するのに望ましくないのはどれか。,職種による専門性,職種間の情報共有,職種間の上下関係,職種による業務分担,3
544,第32回,午前,問題 4,医療概論・法規・衛生,ケアプランを作成できる職種はどれか。,社会福祉士,ホームヘルパー,介護支援専門員,医療ソーシャルワーカー,3
545,第32回,午前,問題 5,医療概論・法規・衛生,海産魚介類の生食により激しい胃痛を起こすのはどれか。,クリプトスポリジウム,黄色ブドウ球菌,サルモネラ属,アニサキス,4
546,第32回,午前,問題 6,医療概論・法規・衛生,日常生活を送るために最低限必要な動作を示すのはどれか。,QOL,ADL,PHC,BMI,2
547,第32回,午前,問題 7,医療概論・法規・衛生,施術者の手指消毒に適切なのはどれか。,紫外線,オキシドール,70 ％ エタノール,エチレンオキサイドガス,3
548,第32回,午前,問題 8,医療概論・法規・衛生,男性において、生活習慣病のリスクを高める1 日あたりの純アルコール摂取量はどれか。,10 グラム以上,20 グラム以上,30 グラム以上,40 グラム以上,4
549,第32回,午前,問題 9,医療概論・法規・衛生,ある要因への曝露群と非曝露群の罹患率の差を評価する疫学指標はどれか。,寄与危険度,オッズ比,有病率,相対危険度,1
550,第32回,午前,問題 10,医療概論・法規・衛生,持続可能な開発目標（SDGs）の17 のゴールに含まれるのはどれか。,再生医療の促進,ジェンダー平等,救急医療の充実,少子高齢化対策,2
551,第32回,午前,問題 11,医療概論・法規・衛生,あはき法に規定される施術所の構造設備について誤っているのはどれか。,施術室は、室面積の8 分の1 に相当する部分を外気に開放しうる。,施術室の隣室に器具、手指等の消毒の設備を設ける。,8.8 平方メートルの専用の施術室を有する。,6.6 平方メートルの待合室を有する。,1
552,第32回,午前,問題 12,医療概論・法規・衛生,あはき法で、施術所について広告できるのはどれか。,美容鍼,中国鍼,小児鍼,電気鍼,3
553,第32回,午前,問題 13,医療概論・法規・衛生,あはき法に規定される申請・届出と、その期限の組合せで正しいのはどれか。,国家試験合格時の免許申請 30 日以内,氏名変更時の免許証再交付申請 10 日以内,届出区域外での業務開始時の届出 10 日以内,免許取消時の免許証返納 5 日以内,4
554,第32回,午前,問題 14,解剖学,施術所の名称を付ける際に留意しなければならない法律はどれか。,医療法,医師法,地域保健法,健康増進法,1
555,第32回,午前,問題 15,解剖学,脊髄の背側面に最も近いのはどれか。,黄色靱帯,棘間靱帯,棘上靱帯,後縦靱帯,1
556,第32回,午前,問題 16,解剖学,骨盤の分界線の構成に関与するのはどれか。,岬角,坐骨棘,坐骨結節,上前腸骨棘,1
557,第32回,午前,問題 17,解剖学,前腕の屈筋群について正しいのはどれか。,円回内筋を橈骨神経が貫く。,橈側手根屈筋は上腕骨内側上顆から起こる。,長掌筋は手根管を通る。,尺側手根屈筋は正中神経支配である。,2
558,第32回,午前,問題 18,解剖学,心臓について正しいのはどれか。,右冠状動脈は心臓の前面に分布する。,心尖は第4 肋間の高さに位置する。,動脈弁は腱索で乳頭筋とつながる。,冠状静脈洞は右心房に注ぐ。,4
559,第32回,午前,問題 19,解剖学,口腔内の構造について正しいのはどれか。,軟口蓋は平滑筋からなる。,内舌筋は舌咽神経に支配される。,舌扁桃は口蓋垂の両側に位置する。,耳下腺管は口腔前庭の頬粘膜に開口する。,4
560,第32回,午前,問題 20,解剖学,上行結腸にあるのはどれか。,腸間膜,腸絨毛,腹膜垂,パイエル板,3
561,第32回,午前,問題 21,解剖学,髄膜について正しいのはどれか。,硬膜静脈洞は外頸静脈に注ぐ。,小脳テントは大脳と小脳の境に位置する。,脳実質に最も近い髄膜はクモ膜である。,中脳水道は直接クモ膜下腔へ通じる。,2
562,第32回,午前,問題 22,解剖学,腕神経叢の後神経束から分枝するのはどれか。,肩甲上神経,肩甲背神経,胸背神経,長胸神経,3
563,第32回,午前,問題 23,解剖学,味覚について正しいのはどれか。,糸状乳頭には味蕾がある。,舌の後1/3 の味覚は舌下神経が伝える。,舌の前2/3 の味覚は舌咽神経が伝える。,孤束核で中継される。,4
564,第32回,午前,問題 24,解剖学,核酸について正しいのはどれか。,DNA にはアミノ酸が含まれる。,DNA は3 種類の塩基で構成される。,RNA は蛋白質合成に必要である。,RNA は凝集して染色体を形成する。,3
565,第32回,午前,問題 25,解剖学,赤血球について正しいのはどれか。,腎臓で産生される。,多核細胞である。,蒸留水に入れると溶血を起こす。,寿命は約7 日である。,3
566,第32回,午前,問題 26,生理学,呼吸運動を促進するのはどれか。,体液の浸透圧上昇,体液のpH 低下,動脈血酸素分圧の上昇,動脈血二酸化炭素分圧の低下,2
567,第32回,午前,問題 27,生理学,放熱を促すのはどれか。,立毛筋の収縮,甲状腺ホルモンの分泌,皮膚血管の拡張,骨格筋の収縮,3
568,第32回,午前,問題 28,生理学,プロラクチンについて正しいのはどれか。,乳汁産生を促す。,排卵を促す。,ステロイドホルモンである。,下垂体後葉から分泌される。,1
569,第32回,午前,問題 29,生理学,副交感神経活動に対する応答で正しいのはどれか。,発汗の促進,気管支筋の弛緩,心収縮力の増加,直腸平滑筋の収縮,4
570,第32回,午前,問題 30,生理学,骨格筋の収縮について正しいのはどれか。,筋細胞の活動電位は筋収縮と同時に起こる。,収縮のエネルギーはADP の分解による。,筋小胞体からのカルシウムイオン放出により起こる。,日常の運動は単収縮によって行われる。,3
571,第32回,午前,問題 31,生理学,脊髄に反射中枢が存在するのはどれか。,屈曲反射,嚥下反射,立ち直り反射,緊張性頸反射,1
572,第32回,午前,問題 32,生理学,視床の外側膝状体で中継される感覚はどれか。,嗅覚,視覚,味覚,聴覚,2
573,第32回,午前,問題 33,生理学,細胞老化で誤っているのはどれか。,DNA 修復機能の低下,分裂能力の亢進,蛋白質合成の低下,異常蛋白質の蓄積,2
574,第32回,午前,問題 34,生理学,女性に多い疾患はどれか。,痛風,橋本病,COPD,十二指腸潰瘍,2
575,第32回,午前,問題 35,生理学,疾患と沈着物の組合せで正しいのはどれか。,痛風 ― シュウ酸,黄疸 ― ヘモジデリン,関節リウマチ ― アミロイド,粥状動脈硬化症 ― グリコーゲン,3
576,第32回,午前,問題 36,生理学,線維素性炎はどれか。,劇症肝炎,ハンセン病,急性虫垂炎,大葉性肺炎,4
577,第32回,午前,問題 37,生理学,Th1 細胞が最も関与するアレルギーはどれか。,Ⅰ型,Ⅱ型,Ⅲ型,Ⅳ型,4
578,第32回,午前,問題 38,病理学概論,腫瘍と発がんに関連する微生物の組合せで誤っているのはどれか。,子宮頸癌 ― HPV,肝細胞癌 ― サイトメガロウイルス,バーキットリンパ腫 ― EB ウイルス,胃癌 ― ヘリコバクター・ピロリ,2
579,第32回,午前,問題 39,病理学概論,成人に対する一次救命処置において、1 分間あたりの胸骨圧迫の回数で適切なのはどれか。,40～60 回,70～90 回,100～120 回,130～150 回,3
580,第32回,午前,問題 40,病理学概論,2 型糖尿病患者の食事療法において、1 日あたりの適正なエネルギー摂取量の算出に必要なのはどれか。,体温,腹囲,目標体重,体表面積,3
581,第32回,午前,問題 41,病理学概論,大動脈弁の音がよく聴取されるのはどれか。,第2 肋間胸骨右縁,第2 肋間胸骨左縁,第3 肋間胸骨左縁,第4 肋間胸骨左縁,1
582,第32回,午前,問題 42,病理学概論,呼吸音が減弱するのはどれか。,無気肺,気管支炎,肺線維症,気管支肺炎,1
583,第32回,午前,問題 43,病理学概論,放射線被曝を伴わない検査はどれか。,PET 検査,CT 検査,MRI 検査,シンチグラフィ検査,3
584,第32回,午前,問題 44,病理学概論,縦隔腫瘍でみられるのはどれか。,眼振,ベル現象,眼球突出,ホルネル症候群,4
585,第32回,午前,問題 45,病理学概論,意識障害で、周囲に対する認識の減退や不安・興奮状態がみられるのはどれか。,傾眠,昏迷,せんもう,無欲状態,3
586,第32回,午前,問題 46,臨床医学総論,成人で1 日の尿量が100 mL 以下の状態を示すのはどれか。,尿閉,稀尿,乏尿,無尿,4
587,第32回,午前,問題 47,臨床医学総論,股関節の屈曲拘縮を確認する徒手検査法はどれか。,トーマステスト,ボンネットテスト,パトリックテスト,マクマレーテスト,1
588,第32回,午前,問題 48,臨床医学総論,疾患と症状の組合せで正しいのはどれか。,溶血性貧血 ― ばち指,鉄欠乏性貧血 ― スプーン状爪,巨赤芽球性貧血 ― 黄疸,再生不良性貧血 ― ハンター舌炎,2
589,第32回,午前,問題 49,臨床医学総論,介護保険施設でノロウイルス感染症が発生した。感染を拡大させないための対応として適切なのはどれか。,感染者の居室は次亜塩素酸ナトリウムで清拭する。,感染者の吐物は乾燥してから処理する。,感染者が使用したリネンは60 ℃の加熱処理を行う。,感染者が使用した食器はアルコールで消毒する。,1
590,第32回,午前,問題 50,臨床医学総論,アルツハイマー病で正しいのはどれか。,ラクナ梗塞の多発により発習する。,アミロイドβ 蛋白質が蓄積する。,初期には記銘力障害はみられない。,MRI 検査では前頭葉の萎縮が特徴的である。,2
591,第32回,午前,問題 51,臨床医学総論,ギラン・バレー症候群について正しいのはどれか。,中年女性に多い。,遺伝性疾患である。,骨格筋に病因がある。,先行感染を認めることが多い。,4
592,第32回,午前,問題 52,臨床医学総論,水痘の症状はどれか。,耳下腺の腫脹,両頬部のびまん性紅斑,水疱へと進行する紅斑,解熱前後の斑状丘疹性発疹,3
593,第32回,午前,問題 53,臨床医学総論,急性骨髄性白血病について正しいのはどれか。,幼若芽球が増殖する。,小児に多くみられる。,細菌感染が関係する。,ミエロペルオキシダーゼ染色は陰性である。,1
594,第32回,午前,問題 54,臨床医学総論,気管支拡張症について正しいのはどれか。,気道の変化は不可逆性である。,小児喘息の既往をもつことが多い。,喀血をきたすことはない。,治療は抗菌薬を短期投与する。,1
595,第32回,午前,問題 55,臨床医学総論,肺結核について正しいのはどれか。,空気感染する。,治療薬は単剤を用いる。,感染すると半数が発病する。,"我が国の2021 年の新規発症患者数は1,000 人以下である。",1
596,第32回,午前,問題 56,臨床医学総論,鉄欠乏性貧血について正しいのはどれか。,大球性貧血である。,正色素性貧血である。,総鉄結合能は低下する。,鉄剤投与によって網状赤血球は増加する。,4
597,第32回,午前,問題 57,臨床医学総論,出血性素因について正しいのはどれか。,一次血栓はフィブリンで構成される。,血液凝固反応にはビタミンC が重要である。,血友病は男性には認められない。,特発性血小板減少性紫斑病は自己免疫疾患である。,4
598,第32回,午前,問題 58,臨床医学総論,ネフローゼ症候群について正しいのはどれか。,血清コレステロールが低値となる。,低蛋白血症を認める。,尿蛋白は陰性である。,小児では予後不良である。,2
599,第32回,午前,問題 59,臨床医学総論,ビタミンB1 欠乏でみられるのはどれか。,ペラグラ,萎縮性胃炎,巨赤芽球性貧血,多発性末梢神経障害,4
600,第32回,午前,問題 60,臨床医学総論,AED による除細動の適応となる不整脈はどれか。,心室細動,心房細動,心室性期外収縮,上室性期外収縮,1
601,第32回,午前,問題 61,臨床医学各論,左心不全の身体所見はどれか。,腹水,下肢の浮腫,肝腫大,起坐呼吸,4
602,第32回,午前,問題 62,臨床医学各論,急性心筋梗塞で上昇する血液検査項目として最も適切なのはどれか。,γ-GTP,ALP,ALT,AST,4
603,第32回,午前,問題 63,臨床医学各論,L5 神経根障害の所見として誤っているのはどれか。,足背の知覚障害,アキレス腱反射消失,足関節背屈筋力低下,SLR テスト陽性,2
604,第32回,午前,問題 64,臨床医学各論,原発性悪性骨腫瘍で最も頻度が高いのはどれか。,骨肉腫,軟骨肉腫,ユーイング肉腫,脊索腫,1
605,第32回,午前,問題 65,臨床医学各論,胃食道逆流症について正しいのはどれか。,るいそう患者に好発する。,近年減少傾向である。,一過性下部食道括約筋弛緩が関与する。,生命予後は不良である。,3
606,第32回,午前,問題 66,臨床医学各論,ウイルス性肝炎と感染経路の組合せで正しいのはどれか。,Ａ型肝炎 ― 感染血液への曝露,Ｂ型肝炎 ― 分娩時の垂直感染,Ｃ型肝炎 ― 獣肉の生食,Ｅ型肝炎 ― 生鮮魚介類の摂取,2
607,第32回,午前,問題 67,臨床医学各論,膵癌のリスクファクターとして正しいのはどれか。,高血圧症,脂質異常症,高尿酸血症,糖尿病,4
608,第32回,午前,問題 68,臨床医学各論,パニック障害の症状はどれか。,予期不安,妄想,幻聴,させられ体験,1
609,第32回,午前,問題 69,臨床医学各論,緑内障について最も適切なのはどれか。,水晶体が混濁する。,細菌感染症である。,失明の原因となる。,中心視野から障害される。,3
610,第32回,午前,問題 70,臨床医学各論,乳癌について正しいのはどれか。,腫瘤は痛みを伴う。,乳房の外下部の発生が多い。,多くはホルモン依存性である。,乳房全摘術が第一選択である。,3
611,第32回,午前,問題 71,臨床医学各論,介護保険によるサービスはどれか。,生活介護,自立訓練,就労移行支援,通所リハビリテーション,4
612,第32回,午前,問題 72,臨床医学各論,急性期リハビリテーションチームで社会保険制度の利用調整を行うのはどれか。,保健師,理学療法士,ケアマネジャー,医療ソーシャルワーカー,4
613,第32回,午前,問題 73,臨床医学各論,上肢のブルンストロームステージで「十分な共同運動が出現し、関節運動を伴う屈筋共同運動が出現する」のはどれか。,ステージⅠ,ステージⅡ,ステージⅢ,ステージⅣ,3
614,第32回,午前,問題 74,臨床医学各論,嚥下障害患者に対して直接嚥下訓練を行う職種はどれか。,理学療法士,作業療法士,言語聴覚士,義肢装具士,3
615,第32回,午前,問題 75,臨床医学各論,正常歩行について正しいのはどれか。,1 サイクルは1 歩に相当する。,遊脚相は立脚相より時間が長い。,二重支持期が0 になると走行となる。,歩行速度が遅いほど消費エネルギーは少ない。,3
616,第32回,午前,問題 76,臨床医学各論,痙縮が出現するのはどれか。,ギラン・バレー症候群,被殻出血,腕神経叢麻痺,多発性筋炎,2
617,第32回,午前,問題 77,臨床医学各論,脊髄損傷で下肢に比べて上肢の障害が重度なのはどれか。,横断型頸髄損傷,中心性頸髄損傷,前脊髄動脈症候群,ブラウン セカール症候群,2
618,第32回,午前,問題 78,臨床医学各論,下肢切断で断端包帯を用いた管理の目的として正しいのはどれか。,浮腫の予防,創部痛の軽減,患側の筋力強化,創部感染の予防,1
619,第32回,午前,問題 79,臨床医学各論,脳性麻痺について正しいのはどれか。,永続的な運動障害である。,最も多い病型はアテトーゼ型である。,アテトーゼ型では精神発達遅滞を合併することが多い。,受胎から生後1 年間までに生じた脳病変を原因とする。,1
620,第32回,午前,問題 80,臨床医学各論,心臓リハビリテーションにおける運動療法の禁忌はどれか。,NYHA 心機能分類Ⅰ度,冠状動脈バイパス術後,末梢動脈閉塞性疾患,不安定狭心症,4
621,第32回,午前,問題 81,臨床医学各論,関節リウマチによる変形で最も適切なのはどれか。,反張膝,翼状肩甲,環軸椎亜脱臼,内反尖足,3
622,第32回,午前,問題 82,臨床医学各論,胸郭出口症候群に最も関与するのはどれか。,胸骨,大胸筋,第1 肋骨,胸鎖乳突筋,3
623,第32回,午前,問題 83,リハビリテーション医学,3 歳の女児。滑り台から落ちて右手をつき、肘部変形、皮下出血と示指・中指のしびれ。最も考えられる診断はどれか。,上腕骨外科頸骨折,上腕骨骨幹部骨折,上腕骨顆上骨折,上腕骨外顆骨折,3
624,第32回,午前,問題 84,リハビリテーション医学,3 歳の女児。上腕骨顆上骨折が疑われる症例。最も考えられる障害神経はどれか。,腋窩神経,正中神経,筋皮神経,尺骨神経,2
625,第32回,午前,問題 85,リハビリテーション医学,60 歳の女性。左手の振戦、次第にすくみ足、寡動を認める。最もよくみられる症候はどれか。,仮面様顔貌,測定障害,眼瞼下垂,痙縮,1
626,第32回,午前,問題 86,リハビリテーション医学,60 歳の女性。パーキンソン病に伴う歩行障害に対するリハビリテーションとして最も適切なのはどれか。,歩行速度を上げるように指示する。,メトロノームを用いた訓練を行う。,継ぎ足歩行をさせる。,坂道での訓練を行う。,2
627,第32回,午前,問題 87,リハビリテーション医学,45 歳の男性。腰椎椎間板ヘルニア。右の片脚立ちで踵の挙上ができなかった。感覚鈍麻が疑われる部位はどれか。,足底,足背中央,下腿内側,大腿前面,1
628,第32回,午前,問題 88,リハビリテーション医学,45 歳の男性。腰椎椎間板ヘルニア。早期に手術治療を要する病態はどれか。,尿閉,下腿後面のしびれ,夜間のこむら返り,アキレス腱反射消失,1
629,第32回,午前,問題 89,リハビリテーション医学,18 歳の男性。背が高く痩せている。突然、右胸の痛みと息切れを感じた。最初に行う検査はどれか。,血液生化学検査,呼吸機能検査,胸部単純エックス線検査,胸部単純CT 検査,3
630,第32回,午前,問題 90,リハビリテーション医学,18 歳の男性。気胸が疑われ血圧低下と息切れが増した。最も適切な対応はどれか。,経過観察,鎮痛剤の投与,生理食塩水点滴,胸腔ドレナージ,4
631,第32回,午前,問題 91,東洋医学概論,未病の概念について適切なのはどれか。,人体と自然は相応している。,心と体は一体である。,人体は有機体として機能する。,健康と疾病は連続している。,4
632,第32回,午前,問題 92,東洋医学概論,狭義の神の働きでないのはどれか。,思惟活動の維持,精神活動の制御,生命活動の維持,外界刺激に対する情動反応,3
633,第32回,午前,問題 93,東洋医学概論,本虚標実証に含まれるのはどれか。,肝鬱気滞,肝陽上亢,肝火犯肺,心肝火旺,2
634,第32回,午前,問題 94,東洋医学概論,衝脈・任脈・督脈のすべてと密接な関係にある奇恒の腑の機能はどれか。,月経を主る。,肢体を支える。,情報を伝達する。,生命活動を主宰する。,1
635,第32回,午前,問題 95,東洋医学概論,経絡の概要について正しいのはどれか。,経脈の循行は上焦から起こる。,経別は別行する正経である。,奇経は表裏関係をもつ。,絡脈が集まったものを浮絡という。,2
636,第32回,午前,問題 96,東洋医学概論,顔の望診で色を判断できない場合に用いる皮膚の部位はどれか。,腹部,前腕前面部,背部,下腿後面部,2
637,第32回,午前,問題 97,東洋医学概論,陰器（生殖器）に集まる経筋はどれか。,手の三陰経筋,手の三陽経筋,足の三陰経筋,足の三陽経筋,3
638,第32回,午前,問題 98,東洋医学概論,長夏の病邪で生じやすい症状はどれか。,けいれん,大量の汗,激しい口渇,下肢の浮腫,4
639,第32回,午前,問題 99,東洋医学概論,三毒説と関係するのはどれか。,疫癘,心労,打撲,運動不足,3
640,第32回,午前,問題 100,東洋医学概論,五行色体で相剋関係にある組合せはどれか。,噫 ― 羽,収 ― 筋肉,麦 ― 羊,石 ― 色,2
641,第32回,午前,問題 101,東洋医学概論,次の文で示す経脈病証はどれか。「55 歳の女性。3 週間前に肩の上部から上肢後面が痛み始めた。1 週間前から耳の後ろと目尻が痛む。汗をかきやすい。」,手の太陰経,手の少陰経,手の太陽経,手の少陽経,4
642,第32回,午前,問題 102,経絡経穴概論,次の文で示す三陰三陽病証はどれか。「全身の冷え、悪寒、下痢、嗜眠を呈し、抵抗力が弱く、身体が衰弱している状態。」,少陽病,太陰病,少陰病,厥陰病,3
643,第32回,午前,問題 103,経絡経穴概論,次の文で示す病証でみられる便秘はどれか。「34 歳の女性。半年前に仕事を辞め、新しい仕事を探しつつ、夜中はテレビゲームで遊んでいることが多い。噯気が頻繁に起こり、腹部の膨満感を伴う。」,熱秘,気秘,虚秘,冷秘,2
644,第32回,午前,問題 104,経絡経穴概論,次の文で示す病証で最も適切なのはどれか。「32 歳の男性。5 日前に雨天の中、長時間の歩行をした。その翌日に微熱と発汗がみられた。現在は、倦怠感と食欲不振、水様便がみられる。」,表虚証,裏虚証,表実証,裏実証,2
645,第32回,午前,問題 105,経絡経穴概論,次の文で示す病証に対する鍼の補瀉手技で適切なのはどれか。「21 歳の男性。昨日、薄着で外出したところ、今朝から悪寒と頭痛を自覚した。咳、痰はみられない。脈は浮緊を認める。」,刺入後、押手を揺るがせる。,刺入後、細かく鍼を回転させる。,呼気時に刺入し、吸気時に抜鍼する。,浅く刺入し、後に深くする。,3
646,第32回,午前,問題 106,経絡経穴概論,治法八法で停滞した病理産物を散らすのに最も適切なのはどれか。,汗法,清法,吐法,消法,4
647,第32回,午前,問題 107,経絡経穴概論,経脈の流注で横隔膜を貫かないのはどれか。,手の太陰肺経,足の太陰脾経,足の太陽膀胱経,手の少陽三焦経,3
648,第32回,午前,問題 108,経絡経穴概論,小腸経の脈気を受けて内眼角に起こる経脈の別絡はどれか。,衝脈,督脈,陽蹻脈,陽維脈,2
649,第32回,午前,問題 109,経絡経穴概論,五兪穴について正しいのはどれか。,足の少陰経の井木穴は爪甲の際にある。,足の陽明経の滎水穴は経脈の末端穴から2 番目にある。,手の太陽経の兪木穴は原穴と一致する。,手の厥陰経の経金穴は手関節横紋にある。,2
650,第32回,午前,問題 110,経絡経穴概論,要穴で、所属するすべての経穴が足の三陽経のいずれかにあてはまるのはどれか。,下合穴,四総穴,八総穴,八会穴,1
651,第32回,午前,問題 111,経絡経穴概論,膝蓋骨尖と内果尖とを結ぶ線を3 等分し、内果尖から3 分の1 にあるのはどれか。,肝経の絡穴,腎経の絡穴,脾経の郄穴,陰蹻脈の郄穴,3
652,第32回,午前,問題 112,経絡経穴概論,経穴の部位で正しいのはどれか。,天衝は、耳尖の直上、髪際の上方1 寸5 分にある。,天牖は、下顎角と同じ高さ、胸鎖乳突筋後方の陥凹部にある。,天容は、胸鎖乳突筋の後縁、甲状軟骨上縁と同じ高さにある。,天鼎は、輪状軟骨と同じ高さ、胸鎖乳突筋の前縁にある。,2
653,第32回,午前,問題 113,経絡経穴概論,陰都と同じ高さに位置する任脈の経穴について正しいのはどれか。,臍中央の上方3 寸にある。,八会穴の腑会である。,任脈の絡穴である。,上方3 寸には中庭がある。,2
654,第32回,午前,問題 114,経絡経穴概論,膻中について正しいのはどれか。,心の募穴である。,八脈交会穴の一つである。,胸骨上窩を基準に取穴する。,外方6 寸は天渓である。,4
655,第32回,午前,問題 115,経絡経穴概論,左右の第12 肋骨先端を結ぶ線と後正中線の交点で、棘突起下方陥凹部にあるのはどれか。,懸枢,命門,腰陽関,下極兪,2
656,第32回,午前,問題 116,経絡経穴概論,絡穴が郄穴より末梢にある経脈はどれか。,手の太陽経,手の少陰経,足の太陽経,足の太陰経,2
657,第32回,午前,問題 117,経絡経穴概論,膝窩横紋上で半腱様筋腱の外縁にあるのはどれか。,膝関,委陽,陰谷,曲泉,3
658,第32回,午前,問題 118,経絡経穴概論,上腕二頭筋長頭と短頭の間、腋窩横紋前端の下方2 寸にあるのはどれか。,天府,臂臑,天泉,消濼,3
659,第32回,午前,問題 119,経絡経穴概論,経脈の流注の方向に沿った斜刺で深刺をした場合、肺を損傷するリスクが最も高い募穴はどれか。,中府,章門,京門,日月,1
660,第32回,午前,問題 120,経絡経穴概論,足陽明経の経火穴と足太陰経の経金穴の間にあるのはどれか。,衝陽,太衝,中封,丘墟,3
661,第32回,午前,問題 121,東洋医学臨床論,足少陽経の経火穴の部位はどれか。,下腿外側、腓骨の前方、外果尖の上方4 寸,下腿前面、膝蓋靱帯外方の陥凹部の下方9 寸,下腿内側、脛骨内縁の後方の陥凹部、内果尖の上方2 寸,下腿後外側、外果尖とアキレス腱の間の陥凹部から上方3 寸,1
662,第32回,午前,問題 122,東洋医学臨床論,腋窩壁を構成する筋上にあるのはどれか。,魂門,風門,幽門,雲門,4
663,第32回,午前,問題 123,東洋医学臨床論,八会穴で、所属する経脈が異なる組合せはどれか。,気会 ― 腑会,筋会 ― 髄会,血会 ― 骨会,脈会 ― 臓会,4
664,第32回,午前,問題 124,東洋医学臨床論,手関節横紋から最も遠いのはどれか。,肺経の郄穴,大腸経の絡穴,心包経の経金穴,三焦経の経火穴,2
665,第32回,午前,問題 125,東洋医学臨床論,脚気八処の穴に含まれないのはどれか。,伏兎,外膝眼,下巨虚,条口,4
666,第32回,午前,問題 126,東洋医学臨床論,循経感伝現象と関係しないのはどれか。,丘疹,索状硬結,腫脹,色素沈着,3
667,第32回,午前,問題 127,東洋医学臨床論,頭痛の症状で施術適応となるのはどれか。,突然の激しい後頭部痛とともに回転性めまい、起立困難が生じ、反復する嘔吐がみられた。,早朝時の後頭部の非拍動性の慢性頭痛が週単位で増悪し、今朝は噴出性嘔吐がみられた。,深夜に、流涙・鼻汁を伴う片側の眼窩周囲の激烈な痛みが発作的に生じ、1 時間で治まった。,感冒症状が治まって、2 週間後に前頭部のズキズキとした痛み、熱感、叩打痛とともに後鼻漏が出現した。,3
668,第32回,午前,問題 128,東洋医学臨床論,美容を目的に口角を上げやすくするため、大頬骨筋を刺激する経穴として最も適切なのはどれか。,顴髎,巨髎,頬車,迎香,1
669,第32回,午前,問題 129,東洋医学臨床論,関節リウマチによるZ 変形の疼痛緩和のため局所への接触鍼を行った。施術部位の経穴として最も適切なのはどれか。,魚際,二間,少沢,中渚,1
670,第32回,午前,問題 130,東洋医学臨床論,過活動膀胱の患者に対する治療で、脊髄排尿中枢を介した治療穴として最も適切なのはどれか。,関元兪,五枢,志室,中髎,4
671,第32回,午前,問題 131,東洋医学臨床論,C6 - C7 横突起間に刺鍼することにより、治療効果が最も期待できる神経根障害によるしびれの部位はどれか。,前腕橈側から母指,手背中央から中指,小指球から小指,前腕尺側,2
672,第32回,午前,問題 132,東洋医学臨床論,次の文で示す症例の疾患として最も適切なのはどれか。「28 歳の女性。半年前に左上腕から前腕内側にかけて痛みやしびれが出現。荷物を持つと痛みは増悪する。モーレイテスト、エデンテストともに陽性。ジャクソンテスト、スパーリングテストともに陰性。」,ギヨン管症候群,頸椎症性脊髄症,頸椎症性神経根症,胸郭出口症候群,4
673,第32回,午前,問題 133,東洋医学臨床論,次の文で示す症例で、病態把握を目的に実施する徒手検査法はどれか。「50 歳の女性。主訴は右手関節橈側の痛みと腫脹。最近家事が忙しく徐々に症状が出現し、特に母指を動かすと強い疼痛がある。」,チェアテスト,トムゼンテスト,ファレンテスト,アイヒホッフテスト,4
674,第32回,午前,問題 134,東洋医学臨床論,次の文で示す症例の施術対象となる神経根で最も適切なのはどれか。「26 歳の男性。3 か月前から左腰下肢の痛みを自覚するようになった。左のアキレス腱反射減弱と足部外縁から足底にかけての感覚鈍麻を認める。」,L3,L4,L5,S1,4
675,第32回,午前,問題 135,東洋医学臨床論,次の文で示す症例の罹患筋として最も適切なのはどれか。「45 歳の女性。半年前から右手の母指・示指掌側にしびれがあり、母指球の萎縮と祈祷師の手を認める。」,斜角筋,小胸筋,円回内筋,尺側手根屈筋,3
676,第32回,午前,問題 136,東洋医学臨床論,次の文で示す症例で運動療法の対象となる筋の疲労緩和を目的に腹臥位で施術を行う場合、局所治療穴として最も適切なのはどれか。「62 歳の女性。主訴は膝関節痛。内反膝と大腿前面の筋萎縮がみられたため、患者にパテラセッティングを行わせた。」,委中,承扶,風市,膝陽関,2
677,第32回,午前,問題 137,東洋医学臨床論,次の文で示す症例で拘縮がみられる可能性が最も高い筋はどれか。「68 歳の女性。変形性股関節症による左股関節痛があり、トーマステスト陽性。恥骨結合下縁の高さで縫工筋のすぐ外方陥凹部にある筋に顕著な圧痛がある。エリーテスト陽性。」,大腿筋膜張筋,大腿直筋,長内転筋,恥骨筋,2
678,第32回,午前,問題 138,東洋医学臨床論,次の文で示す症例でみられるのはどれか。「70 歳の女性。数年前から動作緩慢になり、現在は丸薬丸め運動も出現してきた。」,無汗症,歯車現象,ガワーズ徴候,ホフマン反射陽性,2
679,第32回,午前,問題 139,東洋医学臨床論,顎関節症に対する局所治療穴とその対象となる筋の組合せで最も適切なのはどれか。,禾髎 ― 咬筋,瘈脈 ― 側頭筋,下関 ― 外側翼突筋,懸顱 ― 内側翼突筋,3
680,第32回,午前,問題 140,東洋医学臨床論,改訂長谷川式簡易知能評価スケール（HDS-R）にはなく、MMSE にある評価項目はどれか.,計算,図形模写,時間の見当識,単語の直後再生,2
681,第32回,午前,問題 141,東洋医学臨床論,後骨間神経麻痺で生じるのはどれか。,猿手,鷲手,下垂指,尺側偏位,3
682,第32回,午前,問題 142,東洋医学臨床論,三叉神経第2 枝の神経痛に対する局所治療穴として適切なのはどれか。,曲差,陽白,四白,大迎,3
683,第32回,午前,問題 143,東洋医学臨床論,六部定位脈診で右手寸口の沈が虚している場合、難経六十九難に基づく配穴で適切なのはどれか。,太淵と太白,復溜と経渠,曲泉と陰谷,大都と少府,1
684,第32回,午前,問題 144,東洋医学臨床論,取穴部位が主治症の局所にある奇穴はどれか。,寝違えに対する落枕,腹痛に対する胆嚢点,腰痛に対する腰痛点,足背痛に対する八風,4
685,第32回,午前,問題 145,東洋医学臨床論,次の文で示す病証に対する治療方針として最も適切なのはどれか。「56 歳の男性。職場の人間関係のストレスから不眠となり、動悸も感じている。最近は物忘れや腰下肢の重だるさ、歯のぐらつきもある。舌質は紅、脈は数を認める。」,肝血を補う。,腎陽を補う。,心火を除く。,肝陽を降ろす。,3
686,第32回,午前,問題 146,東洋医学臨床論,右足の第1 趾と第2 趾に慢性的な痛みがある患者に対し、表裏する経脈を同時に治療する目的で用いる要穴として最も適切なのはどれか。,行間,公孫,衝陽,中都,3
687,第32回,午前,問題 147,東洋医学臨床論,足陽明経の経脈病証でみられるのはどれか。,口が歪む。,口が苦い。,口が乾く。,口が熱い。,1
688,第32回,午前,問題 148,東洋医学臨床論,次の文で示す病証に対する十二刺として最も適切なのはどれか。「45 歳の男性。仕事のストレスでのぼせ感が続く。最近はイライラして気持ちがたかぶり眠れない日が多くなっている。舌尖は紅、脈は数で有力を認める。」,輸刺,陰刺,斉刺,揚刺,1
689,第32回,午前,問題 149,東洋医学臨床論,次の文で示す病証に対する治療方針として最も適切なのはどれか。「51 歳の男性。主訴は動悸。特に食後に起こることが多い。胸悶、息切れを伴う。腹診では胃部振水音を認めた。」,血を補う。,陰液を補う。,痰湿を除く。,瘀血を除く。,3
690,第32回,午前,問題 150,東洋医学臨床論,次の文で示す病証の状態として最も適切なのはどれか。「52 歳の男性。日頃から辛い物やアルコールを摂り過ぎたため、口渇が強く、みぞおちに灼熱感があった。その後、空腹感はあるが食が進まなくなってきた。舌質は紅、無苔、脈は細数を認める。」,胃熱が血を滞らせている。,胃熱が胃の津液を損傷している。,湿熱が疏泄機能を障害している。,湿熱が膀胱を熱化させている。,2
691,第32回,午後,問題 151,東洋医学臨床論,「50 歳の男性。主訴は食欲不振。急な腹痛や嘔気があり、病院で胃の出血性びらんを指摘され、飲酒を控えるように言われた。口が苦く、舌質は紅、舌苔は厚膩、脈は滑数を認める。」腹痛が最も認められる部位はどれか。,心窩部,臍部,側腹部,下腹部,1
692,第32回,午後,問題 152,東洋医学臨床論,「50 歳の男性。主訴は食欲不振。急な腹痛や嘔気があり、病院で胃の出血性びらんを指摘され、飲酒を控えるように言われた。口が苦く、舌質は紅、舌苔は厚膩、脈は滑数を認める。」治療方針として最も適切なのはどれか。,肝気を通す。,湿熱を除く。,脾気を補う。,胃陰を補う。,2
693,第32回,午後,問題 153,東洋医学臨床論,「45 歳の女性。職業は美容師。主訴は右上肢全体の持続的なだるさ。腱反射は正常。ライトテストは陽性。ジャクソンテスト、アドソンテストはともに陰性。」病態について最も適切なのはどれか。,血流障害はない。,握力低下はない。,髪をカットする姿勢で症状誘発。,空を見上げると症状誘発。,3
694,第32回,午後,問題 154,東洋医学臨床論,「45 歳の女性。職業は美容師。主訴は右上肢全体の持続的なだるさ。腱反射は正常。ライトテストは陽性。ジャクソンテスト、アドソンテストはともに陰性。」罹患筋への局所治療を行う場合、適切な経穴はどれか。,中府,肩外兪,巨骨,扶突,1
695,第32回,午後,問題 155,東洋医学臨床論,「34 歳の女性。不妊症で来院。月経量は少なく、経遅がある。少し動いただけで短気が生じ、四肢厥冷もある。最近は腰膝酸軟を伴う。舌は淡で胖大、脈は沈遅を認める。」本病証に最も随伴しやすいのはどれか。,五更泄瀉,消穀善飢,項背強,目渋,1
696,第32回,午後,問題 156,東洋医学臨床論,「34 歳の女性。不妊症で来院。月経量は少なく、経遅がある。少し動いただけで短気が生じ、四肢厥冷もある。最近は腰膝酸軟を伴う。舌は淡で胖大、脈は沈遅を認める。」本病証の治療穴として最も適切な背部兪穴の高さはどれか。,第3 胸椎棘突起下縁,第9 胸椎棘突起下縁,第12 胸椎棘突起下縁,第2 腰椎棘突起下縁,4
697,第32回,午後,問題 157,東洋医学臨床論,「52 歳の男性。3 週間前に風邪を引き、現在も咳と軽度な息切れが残っている。近医で喘息と言われ気管支拡張剤を処方された。」気管支拡張剤が作用する受容体はどれか。,ニコチン受容体,ムスカリン受容体,α受容体,β受容体,4
698,第32回,午後,問題 158,東洋医学臨床論,「52 歳の男性。3 週間前に風邪を引き、現在も咳と軽度な息切れが残っている。近医で喘息と言われ気管支拡張剤を処方された。」本症例に対して奇穴を取穴する際、仮点を求めるために委中を用いるのはどれか。,四華,患門,定喘,夾脊,1
699,第32回,午後,問題 159,東洋医学臨床論,「69 歳の男性。主訴は両側の耳鳴り。3 か月前から高音域の聴力低下を自覚。相手の言葉が聞き取りにくい。めまい、耳閉塞感、耳漏はない。」難聴の程度を評価する検査はどれか。,リンネ検査,オージオメトリー,グリセロール検査,カロリックテスト,2
700,第32回,午後,問題 160,東洋医学臨床論,「69 歳の男性。主訴は両側の耳鳴り。3 か月前から高音域の聴力低下を自覚。相手の言葉が聞き取りにくい。めまい、耳閉塞感、耳漏はない。」原因疾患として最も適切なのはどれか。,加齢性難聴,慢性中耳炎,突発性難聴,耳管狭窄症,1
701,第32回,午後,問題 161,はり理論,滅菌済単回使用毫鍼の医療機器クラス分類はどれか。,クラスⅠ（一般医療機器）,クラスⅡ（管理医療機器）,クラスⅢ（高度管理医療機器）,クラスⅣ（高度管理医療機器）,2
702,第32回,午後,問題 162,はり理論,押手について最も適切なのはどれか。,刺鍼部位の皮膚や筋肉を和らげる。,左右圧に相当するのは固定圧である。,患者の急な体動を察知し、動揺を防ぐ。,刺鍼抵抗を察知する。,1
703,第32回,午後,問題 163,はり理論,小児鍼で、接触鍼と摩擦鍼の両方の特徴をもつのはどれか。,集毛鍼,振子鍼,いちょう鍼,ローラー鍼,3
704,第32回,午後,問題 164,はり理論,鍼療法の禁忌はどれか。,化学療法に伴う吐き気,悪性腫瘍に伴う痛み,つわり,クスマウル呼吸を伴う意識障害,4
705,第32回,午後,問題 165,はり理論,深刺により椎骨動脈を損傷するリスクが最も高い経穴はどれか。,亜門,風池,完骨,翳風,2
706,第32回,午後,問題 166,はり理論,鍼施術を行う場合、感染症対策として適切でないのはどれか。,手洗い後の手指の乾燥にはペーパータオルを使用する。,鍼皿は滅菌済みディスポーザブルのものを使用する。,施術野の消毒には70 ％ イソプロピルアルコールを使用する。,抜鍼時に使用した消毒綿花は一般廃棄物として処理する。,4
707,第32回,午後,問題 167,はり理論,切皮時に一次痛が生じた。関与する侵害受容器はどれか。,高閾値機械受容器,ポリモーダル受容器,メルケル盤,毛包受容器,1
708,第32回,午後,問題 168,はり理論,痛覚の伝導に関与するのはどれか。,脊髄灰白質中間質,脊髄前側索,脊髄後側索,脊髄後索,2
709,第32回,午後,問題 169,はり理論,鍼刺激による発汗に関与し、エクリン腺に分布する受容体で最も適切なのはどれか。,α受容体,β受容体,ニコチン受容体,ムスカリン受容体,4
710,第32回,午後,問題 170,はり理論,鍼刺激による皮膚の血流増加に関係するのはどれか。,NO,セロトニン,アンジオテンシン,ノルアドレナリン,1
711,第32回,午後,問題 171,きゅう理論,透熱灸に用いる艾の品質で最も適切なのはどれか。,湿気を帯びている。,夾雑物が多い。,淡黄白色である。,灰分が多い。,3
712,第32回,午後,問題 172,きゅう理論,焦灼灸について正しいのはどれか。,一局所に多壮施灸する。,患者が気持ち良いところで消火する。,免疫機能低下者に適した灸法である。,輻射熱による温熱刺激を与えることを目的とする。,1
713,第32回,午後,問題 173,きゅう理論,輻射熱を用いるのはどれか。,押灸,箱灸,塩灸,紅灸,2
714,第32回,午後,問題 174,きゅう理論,小児に対して最も適した灸法はどれか。,透熱灸,焦灼灸,打膿灸,艾条灸,4
715,第32回,午後,問題 175,きゅう理論,温熱刺激情報を二次ニューロンへ伝達するのはどれか。,グルタミン酸,ノルアドレナリン,アセチルコリン,ドパミン,1
716,第32回,午後,問題 176,きゅう理論,透熱灸刺激の伝導に関係するのはどれか。,脊髄前角,薄束,脳幹網様体,内側毛帯,3
717,第32回,午後,問題 177,きゅう理論,施灸による交感神経活動の亢進反応はどれか。,血圧上昇,皮膚血管拡張,瞳孔括約筋収縮,気管支平滑筋収縮,1
718,第32回,午後,問題 178,きゅう理論,施灸により胃運動亢進をきたす反射の遠心路を構成するのはどれか。,Aα線維とAγ線維,Aβ線維とB線維,Aδ線維とC線維,B線維とC線維,4
719,第32回,午後,問題 179,きゅう理論,透熱灸による急性炎症反応で最も遅く出現するのはどれか。,ブラジキニンの放出,セロトニンの放出,補体の滲出,膠原線維の産生,4
720,第32回,午後,問題 180,きゅう理論,温熱ストレスにより抗炎症性に働くのはどれか。,コルチゾール,プロスタグランジン,インターロイキン6（IL-6）,ヒスタミン,1
721,第33回,午前,問題 1,医療概論・法規・衛生,医学研究の倫理に関する宣言はどれか。,ジュネーブ宣言,ヘルシンキ宣言,リスボン宣言,アルマ・アタ宣言,2
722,第33回,午前,問題 2,医療概論・法規・衛生,我が国の国民医療費に含まれるのはどれか。,予防接種の費用,健康診断の費用,帝王切開の費用,入院時室料差額の費用,3
723,第33回,午前,問題 3,医療概論・法規・衛生,公費医療の対象とならないのはどれか。,生活保護法による医療扶助,母子保健法による養育医療,労働者災害補償保険法による療養,精神保健福祉法による措置入院,3
724,第33回,午前,問題 4,医療概論・法規・衛生,パターナリズムに基づいている行為はどれか。,治療方針は医療者が決める。,個人情報の保護に取り組む。,患者の自己決定権を尊重する。,患者が治療内容の説明を受ける。,1
725,第33回,午前,問題 5,医療概論・法規・衛生,疾病予防に関するハイリスクアプローチでないのはどれか。,喫煙者に禁煙指導の実施,市民を対象としたウォーキング大会の実施,糖尿病予備群に運動指導の実施,塩分摂取量が多い者に食事指導の実施,2
726,第33回,午前,問題 6,医療概論・法規・衛生,我が国の2021 年度の学校管理下における死亡で最も多いのはどれか。,突然死,溺死以外の窒息死,全身打撲,頭部外傷,1
727,第33回,午前,問題 7,医療概論・法規・衛生,現在の新型コロナウイルス感染症（COVID-19）の感染症法上の位置付けはどれか。,5 類感染症,新型インフルエンザ等感染症,指定感染症,新感染症,1
728,第33回,午前,問題 8,医療概論・法規・衛生,産業衛生管理のうち作業管理はどれか。,作業場の換気,作業環境測定の実施,定期健康診断の実施,呼吸用保護具の使用,4
729,第33回,午前,問題 9,医療概論・法規・衛生,分母が出生数である疫学指標はどれか。,死産率,乳児死亡率,周産期死亡率,妊産婦死亡率,4
730,第33回,午前,問題 10,医療概論・法規・衛生,洗浄剤を配合した消毒液をよく泡立てて流水で流す手指消毒方法はどれか。,スワブ法,ベースン法,スクラブ法,ラビング法,3
731,第33回,午前,問題 11,医療概論・法規・衛生,あはき法で、免許の取消処分を受けたときに5 日以内に行わなければならないのはどれか。,免許証再交付の申請,免許証の返納,名簿登録の消除申請,施術所休止の届出,2
732,第33回,午前,問題 12,医療概論・法規・衛生,あはき法で、施術所の構造設備の基準として誤っているのはどれか。,6.6 平方メートル以上の専用の施術室を有する。,3.3 平方メートル以上の待合室を有する。,施術器具や手指などの消毒設備を有する。,施術室は室面積の9 分の1 以上に相当する部分を外気に開放し得る。,4
733,第33回,午前,問題 13,医療概論・法規・衛生,あはき法で、都道府県知事は施術者に対し、衛生上害を生ずるおそれがあると認めるときは、その業務に関して必要な指示ができる。この指示に関して都道府県知事に意見を述べることができるのはどれか。,医師の団体,厚生労働大臣,はり師、きゅう師の団体,保健所長,3
734,第33回,午前,問題 14,解剖学,法律と定義されている事項の組合せで正しいのはどれか。,医療法 ― 要介護認定区分,地域保健法 ― 助産所,医薬品医療機器等法 ― 管理医療機器,生活保護法 ― 国民健康保険,3
735,第33回,午前,問題 15,解剖学,筋細胞について正しいのはどれか。,平滑筋細胞は介在板で連結する。,心筋細胞は大動脈壁に広く分布する。,心筋細胞は細胞間にギャップ結合をもつ。,筋小胞体には高濃度のナトリウムイオンが含まれる。,3
736,第33回,午前,問題 16,解剖学,下肢の骨について正しいのはどれか。,粗線は大腿骨体の前面にある。,内側顆は脛骨の遠位端内側にある。,脛腓関節は脛骨と腓骨の遠位端にある。,小転子は大腿骨頸基部の内側下方にある。,4
737,第33回,午前,問題 17,解剖学,頭蓋冠について正しいのはどれか。,新生児の前頭骨は左右に分かれている。,新生児の前頭骨と頭頂骨の間に小泉門がある。,成人の左右の頭頂骨の間に冠状縫合がある。,成人の前頭骨と頭頂骨の間にラムダ縫合がある。,1
738,第33回,午前,問題 18,解剖学,卵巣について正しいのはどれか。,卵巣内で受精が行われる。,卵巣動脈は内腸骨動脈の枝である。,固有卵巣索を卵巣動静脈が走行する。,卵巣は卵巣提索によって骨盤側壁に固定される。,4
739,第33回,午前,問題 19,解剖学,頸部の筋について正しいのはどれか。,前斜角筋は鎖骨に停止する。,広頸筋は頸神経で支配される。,前斜角筋と中斜角筋の間を腕神経叢が通る。,後頭下筋群は第1 頸神経の前枝で支配される。,3
740,第33回,午前,問題 20,解剖学,心臓について正しいのはどれか。,前縦隔に位置する。,右房室弁を僧帽弁と呼ぶ。,肺動脈弁は大動脈弁の前方にある。,洞房結節は下大静脈の開口部付近にある。,3
741,第33回,午前,問題 21,解剖学,甲状腺について正しいのはどれか。,前面に上皮小体がある。,組織内に多数の濾胞がある。,喉頭と気管の移行部全周を囲む。,上甲状腺動脈は鎖骨下動脈の枝である。,2
742,第33回,午前,問題 22,解剖学,交連線維はどれか。,視交差,大脳脚,内包,脳梁,4
743,第33回,午前,問題 23,解剖学,交感神経について正しいのはどれか。,瞳孔括約筋を支配する。,節前線維は白交通枝を通る。,節後線維はアドレナリンを分泌する。,節前ニューロンの細胞体は脊髄前角に位置する。,2
744,第33回,午前,問題 24,解剖学,血漿について正しいのはどれか。,鮮紅色の液体である。,血漿蛋白の大部分は骨髄で合成される。,アルブミンは浸透圧の維持に働く。,フィブリノゲンは栄養状態の指標となる。,3
745,第33回,午前,問題 25,解剖学,肺循環について正しいのはどれか。,門脈によって体循環とつながる。,肺静脈は右心房に血液を運ぶ。,肺動脈は静脈血を運ぶ。,肺動脈の血圧は大動脈の血圧より高い。,3
746,第33回,午前,問題 26,生理学,動脈血における酸素飽和度の正常値はどれか。,約67 ％,約77 ％,約87 ％,約97 ％,4
747,第33回,午前,問題 27,生理学,大腸について正しいのはどれか。,多数の細菌が常在する。,消化管内水分の約80 ％が吸収される。,大蠕動は1 時間に数回起こる。,蛋白質分解酵素を分泌する。,1
748,第33回,午前,問題 28,生理学,ホメオスタシスについて正しいのはどれか。,1 日の尿量は成人で約400 mL である。,血液のpH は約7.4 である。,細胞外液の浸透圧は3 ％食塩水に等しい。,細胞内液は体液の約15 ％ を占める。,2
749,第33回,午前,問題 29,生理学,インスリンについて正しいのはどれか。,肝臓で産生される。,グリコーゲンの分解を促進する。,血糖値が上昇すると分泌が抑制される。,細胞内へのグルコースの取り込みを促進する。,4
750,第33回,午前,問題 30,生理学,寿命が最も長い細胞はどれか。,神経細胞,赤血球,血小板,上皮細胞,1
751,第33回,午前,問題 31,生理学,大脳皮質の機能局在について正しいのはどれか。,運動野は側頭葉上部にある。,聴覚野は中心前回にある。,視覚野は前頭葉下部にある。,体性感覚野は中心後回にある。,4
752,第33回,午前,問題 32,生理学,アキレス腱反射の反射弓について正しいのはどれか。,受容器は腱器官である。,求心性線維はⅠa 群線維である。,遠心性線維はγ運動ニューロンである。,効果器は錘内筋である。,2
753,第33回,午前,問題 33,生理学,疾病の経過において不定愁訴が現れる時期はどれか。,潜伏期,前駆期,侵襲期,極期,2
754,第33回,午前,問題 34,生理学,疾患・症候と代謝異常の組合せで最も適切なのはどれか。,黄疸 ― 糖代謝異常,痛風 ― 生体色素異常,黄色腫 ― 脂質代謝異常,ヘモジデローシス ― 核酸代謝異常,3
755,第33回,午前,問題 35,生理学,播種性血管内凝固症候群（DIC）について誤っているのはどれか。,血小板数は増加する。,出血症状がみられる。,敗血症は原因疾患になる。,細小血管に血栓が生じる。,1
756,第33回,午前,問題 36,生理学,浮腫の原因となるのはどれか。,血漿膠質浸透圧の上昇,リンパ還流量の低下,毛細血管内圧の低下,毛細血管透過性の低下,2
757,第33回,午前,問題 37,生理学,HIV 感染によって最も傷害を受ける細胞はどれか。,B 細胞,NK 細胞,CD4 陽性T 細胞,細胞傷害性T 細胞,3
758,第33回,午前,問題 38,病理学概論,HPV 感染について最も適切なのはどれか。,子宮内膜癌との関連が深い。,ワクチンは癌の発生を予防できない。,男性には感染しない。,多くの場合、感染しても排除される。,4
759,第33回,午前,問題 39,病理学概論,睡眠障害について正しいのはどれか。,入眠障害とは途中で何度も目が覚めることである。,過眠症では夜間の睡眠時間が長くなる。,肥満は睡眠時無呼吸症候群の原因になる。,むずむず脚症候群（レストレスレッグス症候群）は早朝覚醒が特徴的である。,3
760,第33回,午前,問題 40,病理学概論,構成失行について正しいのはどれか。,言語の復唱ができない。,上着の袖に腕を通せない。,触れた物の形がわからない。,積み木で形を模倣することができない。,4
761,第33回,午前,問題 41,病理学概論,身体計測について正しいのはどれか。,上腕周径は肘関節屈曲位で測る。,前腕周径は最大膨隆部で測る。,大腿周径は膝関節屈曲位で測る。,下腿周径は腓骨頭の高さで測る。,2
762,第33回,午前,問題 42,病理学概論,脈拍について正しいのはどれか。,貧血では徐脈になる。,脳圧亢進では徐脈になる。,パーキンソン病では頻脈になる。,甲状腺機能低下症では頻脈になる。,2
763,第33回,午前,問題 43,病理学概論,易感染性をきたす疾患として最も適切なのはどれか。,鉄欠乏性貧血,特発性血小板減少性紫斑病,急性骨髄性白血病,巨赤芽球性貧血,3
764,第33回,午前,問題 44,病理学概論,便秘の原因で最も適切なのはどれか。,オピオイド内服,胃切除,ノロウイルス感染,乳糖不耐症,1
765,第33回,午前,問題 45,病理学概論,チアノーゼの原因とならないのはどれか.,貧血,左心不全,ファロー四徴症,COPD,1
766,第33回,午前,問題 46,臨床医学総論,声音振盪が増強するのはどれか。,気胸,肺炎,肺気腫,胸水貯留,2
767,第33回,午前,問題 47,臨床医学総論,脳神経で、障害されると僧帽筋の筋力低下を示すのはどれか。,三叉神経,顔面神経,迷走神経,副神経,4
768,第33回,午前,問題 48,臨床医学総論,ターミナルケアについて最も適切なのはどれか。,原疾患の根治を目標とする。,苦痛緩和を最大限検討する。,生活の質より延命を優先する。,治療方針の決定は医師と患者の家族で行う。,2
769,第33回,午前,問題 49,臨床医学総論,食中毒の原因となる細菌と食品の組合せで正しいのはどれか。,サルモネラ属 ― 魚介類,腸炎ビブリオ ― レバー,カンピロバクター ― 鶏肉,腸管出血性大腸菌 ― 鶏卵,3
770,第33回,午前,問題 50,臨床医学総論,緑内障について正しいのはどれか。,初期の変化は硝子体に起こる。,初期から中心視野が障害される。,視神経は障害されない。,中高年の失明の原因として最も多い。,4
771,第33回,午前,問題 51,臨床医学総論,パニック発作について正しいのはどれか。,特定の社会状況で発作が起きる。,発作は数時間続く。,発作時の呼吸困難には酸素投与を行う。,治療には認知行動療法が有効である。,4
772,第33回,午前,問題 52,臨床医学総論,小児のアトピー性皮膚炎について正しいのはどれか。,皮膚のバリア機能が亢進している。,湿疹は四肢大関節の屈側に認めることが多い。,Ⅲ型アレルギーが関与している。,抗ヒスタミン薬の内服が第一選択である。,2
773,第33回,午前,問題 53,臨床医学総論,抗酸菌感染症について正しいのはどれか。,肺結核の主な感染経路は飛沫感染である。,"我が国の2022 年の結核新規発症患者数は1,000 人以下である。",非結核性抗酸菌は人から人に感染する。,非結核性抗酸菌症は難治性である。,4
774,第33回,午前,問題 54,臨床医学総論,COPD について最も適切なのはどれか。,受動喫煙は関与しない。,肺癌の合併に注意する。,安静時の呼吸困難が特徴である。,禁煙で呼吸機能は改善する。,2
775,第33回,午前,問題 55,臨床医学総論,気管支喘息について正しいのはどれか。,Ⅱ型アレルギーである。,拘束性換気障害をきたす。,発作は夜間や明け方に多い。,気管支拡張薬が治療の中心である。,3
776,第33回,午前,問題 56,臨床医学総論,アナフィラキシーを最も起こしやすい疾患はどれか。,血清病,食物アレルギー,アレルギー性鼻炎,アレルギー性接触皮膚炎,2
777,第33回,午前,問題 57,臨床医学総論,胃食道逆流症について正しいのはどれか。,食道下部輪走筋は緊張する。,食道内圧は上昇する。,食道下部扁平上皮は円柱上皮化する。,体重増加によって症状は改善する。,3
778,第33回,午前,問題 58,臨床医学総論,アルツハイマー病の初期にみられるのはどれか。,幻視,記憶障害,てんかん発作,反社会的行動,2
779,第33回,午前,問題 59,臨床医学総論,炎症性腸疾患について正しいのはどれか。,クローン病は大腸に限局する。,潰瘍性大腸炎は非連続性病変を示す。,食生活の欧米化により患者数が増加した。,赤沈は病勢を反映しない。,3
780,第33回,午前,問題 60,臨床医学総論,膵癌について正しいのはどれか。,CA 19-9 は特異度が高い。,アミラーゼ値は病態を反映する。,放射線検査で確定診断ができる。,早期に発見されやすい。,1
781,第33回,午前,問題 61,臨床医学各論,内分泌疾患と症状の組合せで正しいのはどれか。,アジソン病 ― 色素沈着,バセドウ病 ― テタニー,クッシング病 ― 眼球突出,原発性アルドステロン症 ― 満月様顔貌,1
782,第33回,午前,問題 62,臨床医学各論,小児で体前屈時に肋骨隆起を認めた場合、疑う疾患はどれか。,側弯症,肺腫瘍,鳩胸,肋骨骨折,1
783,第33回,午前,問題 63,臨床医学各論,発育性股関節形成不全について誤っているのはどれか。,男児に多い。,分娩時の胎位異常で発生率が高い。,家族内発生がみられる。,治療は装具療法が主体となる。,1
784,第33回,午前,問題 64,臨床医学各論,変形性関節症の単純エックス線所見で誤っているのはどれか。,荷重部軟骨下骨の硬化,関節裂隙の拡大,骨棘形成,骨囊胞形成,2
785,第33回,午前,問題 65,臨床医学各論,前立腺肥大症の初期症状はどれか。,血尿,尿失禁,夜間頻尿,排尿時痛,3
786,第33回,午前,問題 66,臨床医学各論,鉄欠乏性貧血の患者によくみられるのはどれか。,爪の変形,白髪,知覚鈍麻,味覚低下,1
787,第33回,午前,問題 67,臨床医学各論,特発性血小板減少性紫斑病について最も適切なのはどれか。,筋肉内に血腫を生じるのが特徴的である。,血管に対する自己抗体によって発症する。,女性よりも男性に多い。,ヘリコバクター・ピロリ除菌療法が有効である。,4
788,第33回,午前,問題 68,臨床医学各論,病初期から人格障害がよくみられるのはどれか。,脳血管性認知症,前頭側頭型認知症,アルツハイマー病,レビー小体型認知症,2
789,第33回,午前,問題 69,臨床医学各論,パーキンソン病でよくみられるのはどれか。,下痢,発汗低下,唾液減少,起立性低血圧,4
790,第33回,午前,問題 70,臨床医学各論,筋萎縮性側索硬化症でよくみられるのはどれか。,膀胱直腸障害,眼球運動障害,嚥下障害,褥瘡,3
791,第33回,午前,問題 71,臨床医学各論,ICF の「活動」に該当するのはどれか。,呼吸機能,利き手交換,復職,家屋改修,2
792,第33回,午前,問題 72,臨床医学各論,脊髄損傷患者に生じる自律神経過反射について正しいのはどれか。,血圧上昇にはまず降圧薬を投与する。,腰髄損傷患者にみられる。,脳内出血を合併することはない。,難治性便秘が誘因となる。,4
793,第33回,午前,問題 73,臨床医学各論,心臓リハビリテーションの適応となるのはどれか。,不安定狭心症,急性心筋炎,急性大動脈解離,心不全,4
794,第33回,午前,問題 74,臨床医学各論,摂食嚥下機能について正しいのはどれか。,先行期では食物を認識する。,口腔期では食物を咀嚼し食塊を形成する。,咽頭期では食塊が咽頭へ送り込まれる。,食道期では食塊が食道へ送り込まれる。,1
795,第33回,午前,問題 75,臨床医学各論,大腿骨頸部骨折に対する人工骨頭置換術後のリハビリテーションで、最も適切なのはどれか。,術直後から患側下肢의 抵抗運動を開始する。,術後疼痛緩和のために極超短波療法を行う。,患側股関節の回旋運動を行う。,術後早期から荷重訓練を開始する。,4
796,第33回,午前,問題 76,臨床医学各論,改訂日本版フレイル基準に含まれる項目はどれか。,骨密度低下,聴力低下,認知機能低下,筋力低下,4
797,第33回,午前,問題 77,臨床医学各論,脳性麻痺の病型で最も多いのはどれか。,アテトーゼ型,痙直型,失調型,混合型,2
798,第33回,午前,問題 78,臨床医学各論,パーキンソン病におけるホーン・ヤールの重症度分類において、「姿勢反射障害を認めるが日常生活に介助は不要な状態」はどれか。,ステージⅠ,ステージⅡ,ステージⅢ,ステージⅣ,3
799,第33回,午前,問題 79,臨床医学各論,膝関節伸展の徒手筋力テストで、被検者を側臥位にして評価するのはどれか。,MMT 1,MMT 2,MMT 3,MMT 4,2
800,第33回,午前,問題 80,臨床医学各論,成人の正常立位姿勢での重心は、重心線上の下から何％ の位置にあるか。,約35 ％,約45 ％,約55 ％,約65 ％,3
801,第33回,午前,問題 81,臨床医学各論,関節リウマチによる関節変形で最も適切なのはどれか。,MP 関節の尺側偏位,Ｏ脚,凹足,翼状肩甲,1
802,第33回,午前,問題 82,臨床医学各論,社会のリハビリテーションに含まれる内容はどれか。,家族への介護指導,職場環境の整備,個別の理学療法,管理栄養士による栄養管理,2
803,第33回,午前,問題 83,リハビリテーション医学,「17 歳の男子。バイク走行中に転倒し救急搬送。ヘルメットの右外側に傷があり、右肩に外傷がある。右上肢は自動運動不能で知覚異常を認めた。意識は清明、独歩可能、脳神経に異常はない。」診断に有用性が最も低いのはどれか。,CT 検査,MRI 検査,筋電図検査,超音波検査,1
804,第33回,午前,問題 84,リハビリテーション医学,「17 歳の男子。バイク走行中に転倒し救急搬送。ヘルメットの右外側に傷があり、右肩に外傷がある。右上肢は自動運動不能で知覚異常を認めた。意識は清明、独歩可能、脳神経に異常はない。」身体所見では肘の屈曲・手関節の背屈が不能で、手指の屈曲もできない。上肢の骨折や関節の脱臼はない。損傷部位はどれか。,側頸部,腋窩部,上腕部,肘部,1
805,第33回,午前,問題 85,リハビリテーション医学,「30 歳の男性。右手小指のしびれを主訴に受診。手関節の可動域制限はないが、右肘関節の屈曲可動域は120 度であった。幼少期に右肘関節骨折の治療歴がある。」身体所見上認められるのはどれか。,肘関節屈筋力低下,外反肘,下垂手,猿手,2
806,第33回,午前,問題 86,リハビリテーション医学,「30 歳の男性。右手小指のしびれを主訴に受診。手関節の可動域制限はないが、右肘関節の屈曲可動域は120 度であった。幼少期に右肘関節骨折の治療歴がある。」障害神経はどれか。,筋皮神経,橈骨神経,正中神経,尺骨神経,4
807,第33回,午前,問題 87,リハビリテーション医学,「78 歳の肥満女性。以前から腰痛があった。3 日前から左膝内側の痛みが出現。市販の外用薬を使用して様子をみていたが、歩行時痛が増強してきたため来院した。」診断に有用性が最も低いのはどれか。,間欠跛行の聴取,膝蓋跳動,スパーリングテスト,下肢伸展挙上テスト,3
808,第33回,午前,問題 88,リハビリテーション医学,「78 歳の肥満女性。以前から腰痛があった。3 日前から左膝内側の痛みが出現。市販の外用薬を使用して様子をみていたが、歩行時痛が増強してきたため来院した。」運動療法で適切でないのはどれか。,水中ウォーキング,体幹筋訓練,大腿四頭筋訓練,長距離歩行,4
809,第33回,午前,問題 89,リハビリテーション医学,「55 歳の男性。夕食にしめさばを食べ就寝したところ1 時間半後に強い心窩部痛で覚醒、救急搬送された。下痢は認めなかった。」本疾患の発症について正しいのはどれか。,イカの生食では発症しない。,一度発症したら二度と罹患しない。,食材の-20 ℃、48 時間冷凍で予防できる。,細菌感染症である。,3
810,第33回,午前,問題 90,リハビリテーション医学,「55 歳の男性。夕食にしめさばを食べ就寝したところ1 時間半後に強い心窩部痛で覚醒、救急搬送された。下痢は認めなかった。」本疾患について正しいのはどれか。,胃内視鏡治療を行う。,アナフィラキシーは発症しない。,胃潰瘍を認める。,抗菌薬投与が有効である。,1
811,第33回,午後,問題 91,東洋医学概論,些細なことでも恐れる人の五官に現れる症状はどれか。,脱毛,浮腫,耳聾,口甜,3
812,第33回,午後,問題 92,東洋医学概論,血について正しいのはどれか。,宗気により構成される。,精神活動を正常に維持する。,脈外をめぐり全身に分布する。,生命活動を維持する精微物質である。,2
813,第33回,午後,問題 93,東洋医学概論,津液について正しいのはどれか。,腎精により生成される。,三焦を通り全身をめぐる。,脾によって全身に輸布される。,停滞すると脹痛が起こりやすい。,2
814,第33回,午後,問題 94,東洋医学概論,水穀を水穀の精微と糟粕に変化させる作用はどれか。,和降,化物,伝化,流通,2
815,第33回,午後,問題 95,東洋医学概論,諸気を主宰する臓腑はどれか。,肝,肺,胆,三焦,2
816,第33回,午後,問題 96,東洋医学概論,臓腑に連絡しないのはどれか。,経脈,経別,経筋,絡脈,3
817,第33回,午後,問題 97,東洋医学概論,夏に最も影響を受けやすい外邪の特徴はどれか。,開泄性,乾燥性,炎上性,昇散性,4
818,第33回,午後,問題 98,東洋医学概論,七情において、気を消耗する感情が過度に生じることでみられる症状はどれか。,頭痛,動悸,咳嗽,軟便,2
819,第33回,午後,問題 99,東洋医学概論,裏実熱と裏虚熱が同時にみられるのはどれか。,肝火犯肺,心肝火旺,心腎不交,脾胃湿熱,3
820,第33回,午後,問題 100,東洋医学概論,「75 歳の男性。夜間の頻尿と咳で不眠が続いている。口が乾き、から咳がみられ、腰膝酸軟と盗汗を伴う。舌質は痩、脈は細を認める。」最も適切な臓腑病証はどれか。,心腎不交,心肝血虚,肺脾気虚,肺腎陰虚,4
821,第33回,午後,問題 101,東洋医学概論,「胸苦しさ、胸の熱感、手掌のほてり、息切れがみられる。」文で示す経脈病証はどれか。,手の太陰経病証,手の少陽経病証,手の少陰経病証,手の太陽経病証,1
822,第33回,午後,問題 102,経絡経穴概論,舌質の色でみられるのはどれか。,紫,黒,黄,白,1
823,第33回,午後,問題 103,経絡経穴概論,弁証の進め方で最初に判断すべきなのはどれか。,気と血,虚と実,寒と熱,表と裏,4
824,第33回,午後,問題 104,経絡経穴概論,「悪寒と発熱を交互に繰り返し、目眩がある。脈は弦を認める。」文で示す六経病証はどれか。,少陽病,陽明病,太陰病,少陰病,1
825,第33回,午後,問題 105,経絡経穴概論,六部定位脈診で右関上の沈の部が虚している場合、難経六十九難に基づく治療穴はどれか。,陽谷,労宮,少衝,経渠,4
826,第33回,午後,問題 106,経絡経穴概論,鍼施術における補法はどれか。,速刺速抜する。,刺入した鍼を押手で揺るがせる。,患者の吸気時に刺入し、呼気時に抜鍼する。,抜鍼後は直ちに鍼孔を閉じる。,4
827,第33回,午後,問題 107,経絡経穴概論,経絡系統について正しいのはどれか。,経絡は正経十二経脈と奇経八脈で構成される。,経脈には十二経別が含まれる。,十二経筋は中焦から始まる。,十二皮部は臓腑と属絡関係にある。,2
828,第33回,午後,問題 108,経絡経穴概論,郄穴でないのはどれか。,陽谷,跗陽,交信,築賓,1
829,第33回,午後,問題 109,経絡経穴概論,骨度法で最も長いのはどれか。,殿溝から膝窩,膝蓋骨尖から内果尖,膝窩から外果尖,脛骨内側顆下縁から内果尖,3
830,第33回,午後,問題 110,経絡経穴概論,臍中央と恥骨結合上縁を結ぶ線の中点の下方5 分にある募穴の臓腑はどれか。,胃,三焦,小腸,膀胱,3
831,第33回,午後,問題 111,経絡経穴概論,経穴の部位で正しいのはどれか。,顴髎は、頬骨弓の下縁中点と下顎切痕の間の陥凹部にある。,巨髎は、鼻唇溝中、鼻翼外縁中点と同じ高さにある。,和髎は、耳珠上の切痕と下顎骨の関節突起の間、陥凹部にある。,禾髎は、人中溝中点と同じ高さ、鼻孔外縁の下方にある。,4
832,第33回,午後,問題 112,経絡経穴概論,正中神経が支配する皮膚領域にあるのはどれか。,少商,少衝,関衝,商陽,1
833,第33回,午後,問題 113,経絡経穴概論,尺骨神経の支配する筋上にあるのはどれか。,合谷,偏歴,手三里,手五里,1
834,第33回,午後,問題 114,経絡経穴概論,八会穴の腑会と同じ高さに並ぶのはどれか。,承満,梁門,太乙,滑肉門,2
835,第33回,午後,問題 115,経絡経穴概論,脛骨内側顆下縁と脛骨内縁が接する陥凹部の下方3 寸にあるのはどれか。,足の太陰経の郄穴,足の太陰経の絡穴,足の厥陰経の郄穴,足の厥陰経の絡穴,1
836,第33回,午後,問題 116,経絡経穴概論,回旋筋腱板で肩を外転させる筋上にある経穴はどれか。,肩貞,臑兪,曲垣,天宗,4
837,第33回,午後,問題 117,経絡経穴概論,広背筋上にある経穴はどれか.,神堂,淵腋,章門,志室,4
838,第33回,午後,問題 118,経絡経穴概論,足の少陰経の経金穴と同じ高さに並ぶのはどれか。,交信,陽輔,豊隆,中都,2
839,第33回,午後,問題 119,経絡経穴概論,頭部、耳介の付け根の後縁の直上、髪際の上方2 寸にあるのはどれか。,角孫,浮白,天衝,曲鬢,3
840,第33回,午後,問題 120,経絡経穴概論,足の太陰経の五兪穴で、身体が重く関節が痛む際に用いる経穴の部位はどれか。,足の第1 指、第1 中足指節関節内側の遠位陥凹部、赤白肉際,足内側、第1 中足指節関節内側の近位陥凹部、赤白肉際,足内側、内果の前下方、舟状骨粗面と内果尖の中央陥凹部,足関節前内側、前脛骨筋腱内側の陥凹部、内果尖の前方,2
841,第33回,午後,問題 121,東洋医学臨床論,原穴が足関節部にある経脈はどれか。,少陽経,厥陰経,太陰経,太陽経,1
842,第33回,午後,問題 122,東洋医学臨床論,八会穴の部位はどれか。,第6 肋間、前正中線の外方4 寸,第7 肋間、前正中線の外方4 寸,第11 肋骨端下縁,第12 肋骨端下縁,3
843,第33回,午後,問題 123,東洋医学臨床論,中風七穴はどれか。,肩髎,梁丘,陽陵泉,曲池,4
844,第33回,午後,問題 124,東洋医学臨床論,女児に行う小児斜差の灸で正しいのはどれか。,左の膈兪と右の肝兪,右の肝兪と左の脾兪,左の胆兪と右の脾兪,右の脾兪と左の胃兪,2
845,第33回,午後,問題 125,東洋医学臨床論,直刺で刺入した場合、肺までの距離が最も短いのはどれか。,肩井,魄戸,肺兪,大杼,1
846,第33回,午後,問題 126,東洋医学臨床論,臓器損傷を避けるため、刺鍼の際に最も注意すべき経穴はどれか。,天泉,天井,天宗,天突,4
847,第33回,午後,問題 127,東洋医学臨床論,「43 歳の女性。月に15 回以上の頭痛を自覚。ズキズキしたり、締め付けられたりする痛みがある。特に起床時に強く自覚。ここ1 年は鎮痛薬を頻繁に服用している。頭部MRI 検査では異常はない。」最も考えられる頭痛はどれか。,群発頭痛,片頭痛,緊張型頭痛,薬物使用過多による頭痛,4
848,第33回,午後,問題 128,東洋医学臨床論,「82 歳の男性。1 年前から両上肢の痛みとしびれ、半年前から両下肢のしびれが出現。物がつかみにくくなり、歩行もぎこちなくなった。四肢の深部反射亢進がみられる。ジャクソンテストは陰性。めまい、悪心はない。」最も考えられる疾患はどれか。,バレー・リュー症候群,胸郭出口症候群,頸椎症性脊髄症,頸椎症性神経根症,3
849,第33回,午後,問題 129,東洋医学臨床論,腰椎椎間板ヘルニアによるL5 神経根障害において、罹患高位のデルマトーム上に刺鍼を行う際、最も適切な経穴はどれか。,伏兎,地機,条口,金門,3
850,第33回,午後,問題 130,東洋医学臨床論,「肘関節伸展のまま肩関節を伸展すると肩関節前面に痛みが誘発され、この状態から肘関節を屈曲すると痛みが消失した。」この徒手検査法と同様の病態を確認する検査はどれか。,ライトテスト,スピードテスト,ダウバーンサイン,ペインフルアークサイン,2
851,第33回,午後,問題 131,東洋医学臨床論,坐骨神経の絞扼性神経障害で陽性となる徒手検査はどれか。,パトリックテスト,ゲンスレンテスト,エリーテスト,ペイステスト,4
852,第33回,午後,問題 132,東洋医学臨床論,「68 歳の男性。利き手の静止時振戦、上肢の歯車様筋強剛、歩行時のすくみ足がみられる。」患者に自由に文章を書かせたときにみられる所見として最も適切なのはどれか。,吃書,書痙,小字症,自発書字障害,3
853,第33回,午後,問題 133,東洋医学臨床論,「50 歳の男性。数日前から右の耳に痛みがあり、しばらくして難聴、同側の表情筋の麻痺と外耳孔の水疱が出現。」最も適切な疾患はどれか。,脳幹梗塞,ベル麻痺,聴神経腫瘍,ラムゼイ ハント症候群,4
854,第33回,午後,問題 134,東洋医学臨床論,肘部管症候群の原因となる筋の触察部位として最も適切なのはどれか。,上腕骨内側上顆下縁から舟状骨,上腕骨内側上顆下縁から豆状骨,上腕骨外側上顆上縁から橈骨茎状突起,上腕骨外側上顆下縁から手関節後面横紋中央,2
855,第33回,午後,問題 135,東洋医学臨床論,「75 歳の男性。数か月前から両側の足趾の冷えとしびれを自覚。散歩中に下腿の痛みも出るが、休憩すれば歩くことができ、下肢の筋力低下はみられない。血圧は高く、喫煙歴は長い。ケンプテストは陰性。」最も考えられる疾患はどれか。,腰部脊柱管狭窄症,腰椎椎間板ヘルニア,閉塞性動脈硬化症,脊椎分離すべり症,3
856,第33回,午後,問題 136,東洋医学臨床論,「42 歳の女性。主訴は右の母指から中指にかけての痛みとしびれ。母指球・手根部には症状はない。手を振ると楽になることがある。ファレンテストは陽性。」適切な局所治療部位はどれか。,大陵と労宮の間,少海と孔最の間,小海と支正の間,消濼と曲池の間,1
857,第33回,午後,問題 137,東洋医学臨床論,「75 歳の女性。100 m 程度の歩行で左下肢後面に痛みやしびれが出現するが、低い手押し車の使用で症状は出ない。足の冷感や膀胱直腸障害はない。」異常が認められる検査法として最も適切なのはどれか。,SLR テスト,アキレス腱反射,バビンスキー反射,フライバーグテスト,1
858,第33回,午後,問題 138,東洋医学臨床論,うつ病患者でみられる妄想として最も適切なのはどれか。,関係妄想,血統妄想,罪責妄想,物盗られ妄想,3
859,第33回,午後,問題 139,東洋医学臨床論,鉄欠乏性貧血患者への食事指導で、ヘム鉄が豊富な食材として推奨すべきなのはどれか。,卵,大豆,豚レバー,ホウレンソウ,3
860,第33回,午後,問題 140,東洋医学臨床論,投球動作で肘関節後方への伸展ストレスが起こる時期として最も適切なのはどれか。,早期コッキング期,後期コッキング期,加速期,フォロースルー期,4
861,第33回,午後,問題 141,東洋医学臨床論,中指伸展テストが陽性となるテニス肘で、罹患筋への局所治療穴として最も適切なのはどれか。,手三里,曲沢,小海,天井,1
862,第33回,午後,問題 142,東洋医学臨床論,下腿コンパートメント症候群と罹患筋の組合せで正しいのはどれか。,前方コンパートメント ― 長腓骨筋,外側コンパートメント ― 前脛骨筋,浅後方コンパートメント ― ヒラメ筋,深後方コンパートメント ― 腓腹筋,3
863,第33回,午後,問題 143,東洋医学臨床論,体調管理を目的に来院した患者に脈診をしたところ、軽く軟らかで、力なく浮いている脈がみられたが、この季節には正常な脈と判断した。この季節として適切なのはどれか。,春,夏,秋,冬,3
864,第33回,午後,問題 144,東洋医学臨床論,肌肉がしびれてだるさがみられる病証に対し、五刺を用いて治療するときの刺法として最も適切なのはどれか。,極めて浅くすばやく刺し、すばやく抜く。,関節部の筋に深く刺す。,ニワトリの足のように分肉の間に刺す。,骨に至るまで深く刺し、真っすぐに抜く。,3
865,第33回,午後,問題 145,東洋医学臨床論,「38 歳の男性。主訴は円形の脱毛。脱毛は急速に起こった。頭皮は脂っぽく、赤みがあり、痒みを訴える。口渇、便秘、小便黄を伴う。舌質は紅、舌苔は黄、脈は数を認める。」最も適切な病証はどれか。,血瘀,血熱,気虚,陰虚,2
866,第33回,午後,問題 146,東洋医学臨床論,耳鳴り・難聴に対して、循経取穴により治療する場合、最も適切なのはどれか。,中渚,太淵,三間,神門,1
867,第33回,午後,問題 147,東洋医学臨床論,「27 歳の男性。主訴は咳と痰。咳は無力で、声に力がない。息切れ、倦怠感を伴い、疲れると症状が悪化する。舌質は淡、舌苔は薄白、脈は弱を認める。」みられる痰の性状で最も適切なのはどれか。,稀薄で透明な痰,白色で大量の痰,黄色く粘りのある痰,血の混じった痰,1
868,第33回,午後,問題 148,東洋医学臨床論,「82 歳の女性。主訴は尿漏れ。くしゃみをしたり、重い荷物を持ったりするときに起こる。尿の回数は多く、足腰のだるさ、倦怠感を伴う。」難経六十九難に基づき補法を行う治療穴はどれか。,足臨泣,曲泉,束骨,復溜,4
869,第33回,午後,問題 149,東洋医学臨床論,灸治療が骨盤位の矯正に効果的とされる膀胱経の要穴はどれか。,井穴,滎穴,兪穴,経穴,1
870,第33回,午後,問題 150,東洋医学臨床論,「53 歳の男性。空腹感があるが食欲がない。呼吸が苦しくせき込む。寝ることを好んで起きたがらない。」症例の経脈病証はどれか。,足の太陰経病証,足の少陰経病証,足の陽明経病証,足の少陽経病証,2
871,第33回,午後,問題 151,東洋医学臨床論,「46 歳の女性。夫の死をきっかけにうつ病を発症。悲観的思考となり、気力が極度に減退。食欲もなく、動悸・不眠・健忘を伴う。舌質は淡、脈は細弱を認める。」病証として最も適切なのはどれか。,肝腎陰虚,肝気鬱結,心脾両虚,脾気下陥,3
872,第33回,午後,問題 152,東洋医学臨床論,「46 歳の女性。夫の死をきっかけにうつ病を発症。悲観的思考となり、気力が極度に減退。食欲もなく、動悸・不眠・健忘を伴う。舌質は淡、脈は細弱を認める。」治療の結果、食欲が出てきて、気力の減退も改善してきた。この時期に最も注意すべき症状はどれか。,幻聴,観念奔逸,強迫行為,自殺念慮,4
873,第33回,午後,問題 153,東洋医学臨床論,「65 歳の女性。右手関節部の骨折による変形が原因で、示指と中指の指先がしびれて、母指の動きが障害されるようになった。」最も認められる徴候はどれか。,祈祷師の手,ティアドロップサイン,パーフェクトO の不整,フロマン徴候,2
874,第33回,午後,問題 154,東洋医学臨床論,「65 歳の女性。右手関節部の骨折による変形が原因で、示指と中指の指先がしびれて、母指の動きが障害されるようになった。」骨折した骨として最も適切なのはどれか。,舟状骨,橈骨,尺骨,有鉤骨,2
875,第33回,午後,問題 155,東洋医学臨床論,「35 歳の男性。インスタント麺ばかり食べている。全身がだるく、最近は下肢にしびれがみられる。膝蓋腱反射は減弱し、近医でビタミン不足と言われた。」不足しているビタミンはどれか。,ビタミンA,ビタミンB1,ビタミンB12,ビタミンD,2
876,第33回,午後,問題 156,東洋医学臨床論,「35 歳の男性。インスタント麺ばかり食べている。全身がだるく、最近は下肢にしびれがみられる。膝蓋腱反射は減弱し、近医でビタミン不足と言われた。」症状改善に効果があるとされる、八総穴の組合せに含まれるのはどれか。,膝陽関,内膝眼,陽陵泉,上巨虚,3
877,第33回,午後,問題 157,東洋医学臨床論,「28 歳の男性。職場でハラスメントを受けている。腹痛と下痢がひどく、出勤途中に数回トイレに行く。血便はなく、休日は症状が出ない。舌質は淡紅、舌苔は少、脈は弦を認める。」疾患として最も適切なのはどれか。,胃食道逆流症,潰瘍性大腸炎,過敏性腸症候群,機能性ディスペプシア,3
878,第33回,午後,問題 158,東洋医学臨床論,「28 歳の男性。職場でハラスメントを受けている。腹痛と下痢がひどく、出勤途中に数回トイレに行く。血便はなく、休日は症状が出ない。舌質は淡紅、舌苔は少、脈は弦を認める。」治療方針として最も適切なのはどれか。,肝と心の火を降ろす。,肝と脾の調和を図る。,肺と腎の陰液を補う。,心と腎の交わりを図る。,2
879,第33回,午後,問題 159,東洋医学臨床論,「52 歳の女性。右側の表情筋麻痺で来院。同側の額のしわ寄せは不能で、涙液減少、聴覚過敏、味覚障害、唾液分泌障害を伴う。」四総穴の主治を踏まえて治療する場合、最も適切な経穴はどれか。,合谷,列欠,委中,足三里,1
880,第33回,午後,問題 160,東洋医学臨床論,「52 歳の女性。右側の表情筋麻痺で来院。同側の額のしわ寄せは不能で、涙液減少、聴覚過敏、味覚障害、唾液分泌障害を伴う。」後遺障害として出現の可能性が最も高いのはどれか。,ワニの涙,眼球陥凹,眼瞼下垂,共同偏視,1
881,第33回,午後,問題 161,はり理論,古代九鍼で皮膚を切開するのはどれか。,円鍼,員利鍼,鈹鍼,鋒鍼,3
882,第33回,午後,問題 162,はり理論,基本17 手技で鍼の刺入深度が最も深くなるのはどれか。,屋漏術,管散術,細指術,鍼尖転移法,1
883,第33回,午後,問題 163,はり理論,特殊鍼法で横刺するのはどれか。,灸頭鍼,小児鍼,皮内鍼,円皮鍼,3
884,第33回,午後,問題 164,はり理論,鍼療法の禁忌はどれか。,つわり,肉体作業後の筋疲労,脳血管障害後の回復期,手術を必要とする状態,4
885,第33回,午後,問題 165,はり理論,刺鍼によって心タンポナーデの危険性がある経穴はどれか。,中府,膻中,巨闕,期門,2
886,第33回,午後,問題 166,はり理論,鍼施術後に生じる有害事象で、失神の原因として最も考えられるのはどれか。,遺感覚,気胸,低血糖,脳貧血,4
887,第33回,午後,問題 167,はり理論,副腎髄質の受容体で、刺鍼により交感神経節前線維から遊離されるアセチルコリンが結合するのはどれか。,a 受容体,b 受容体,ニコチン受容体,ムスカリン受容体,3
888,第33回,午後,問題 168,はり理論,青斑核からのニューロンが放出する物質で、脊髄後角において侵害受容情報を阻害するのはどれか。,グルタミン酸,ノルアドレナリン,エンケファリン,b エンドルフィン,2
889,第33回,午後,問題 169,はり理論,下行性抑制系について最も適切なのはどれか。,侵害受容ニューロンの興奮により賦活する。,中脳水道周囲灰白質のGABA 作動性ニューロンの興奮により賦活する。,脊髄前側索を下行する。,ヒスタミンが関与する。,2
890,第33回,午後,問題 170,はり理論,刺鍼により痛みの悪循環を最も改善させるのはどれか。,a 運動ニューロンの興奮,NO による血管拡張,プロスタグランジンの産生促進,交感神経の興奮,2
891,第33回,午後,問題 171,きゅう理論,透熱灸に用いる艾について正しいのはどれか。,夾雑物が多い。,灰分が多い。,精油成分が多い。,黒褐色である。,3
892,第33回,午後,問題 172,きゅう理論,艾を使用しないのはどれか。,ビワの葉灸,ショウガ灸,押灸,紅灸,4
893,第33回,午後,問題 173,きゅう理論,透熱灸を行う上で最も注意が必要なのはどれか。,低血圧症,骨粗鬆症,糖尿病,月経困難症,3
894,第33回,午後,問題 174,きゅう理論,透熱灸を最も避けるべき経穴はどれか。,陽白,陽谷,陽池,陽交,1
895,第33回,午後,問題 175,きゅう理論,有痕灸施術部の消毒で最も適切なのはどれか。,清拭圧は強めで行う。,施灸前後に行う。,施灸部を往復するように拭く。,次亜塩素酸ナトリウムを用いる。,2
896,第33回,午後,問題 176,きゅう理論,熱刺激情報の伝導路はどれか。,外側皮質脊髄路,外側脊髄視床路,腹側脊髄視床路,外側網様体脊髄路,2
897,第33回,午後,問題 177,きゅう理論,施灸局所に起こる軸索反射について適切なのはどれか。,血漿が漏出する。,ノルアドレナリンが関与する。,A b 線維の興奮によって生じる。,特異的侵害受容ニューロンが関与する。,1
898,第33回,午後,問題 178,きゅう理論,透熱灸による炎症反応で、アナフィラトキシンとして作用するのはどれか。,IgE,補体,コルチゾール,ヒスタミン,2
899,第33回,午後,問題 179,きゅう理論,透熱灸による反応で最も早期に起こるのはどれか。,ポリモーダル受容器の興奮,白血球の浸潤,温熱感覚の認知,施灸局所の血管拡張,1
900,第33回,午後,問題 180,きゅう理論,透熱灸により組織損傷部から放出される物質で、末梢性の痛覚過敏に関与するのはどれか。,NO,アドレナリン,アセチルコリン,セロトニン,4